[
  {
    "site": "trendyol",
    "product_name": "",
    "price": 8.0,
    "image_url": "https://cdn.dsmcdn.com/seller-store/uploads/105056/5f714d82-2781-4594-a258-eebb16d9d3c3.jpeg",
    "url": "https://www.trendyol.com/magaza/X-m-105056"
  },
  {
    "site": "trendyol",
    "product_name": "MobpazarRiva Comfort Full Ortopedik Yatak – Çift Taraflı Kullanım ve Üst Düzey Konfor\n\n1.987,53 TL",
    "price": 1987.53,
    "image_url": "https://cdn.dsmcdn.com/ty1796/prod/QC_PREP/20251205/16/eed77144-a761-326a-b051-7fc268aa7d2e/1_org.jpg",
    "url": "https://www.trendyol.com/mobpazar/riva-comfort-full-ortopedik-yatak-cift-tarafli-kullanim-ve-ust-duzey-konfor-p-1061902414?merchantId=105056"
  },
  {
    "site": "trendyol",
    "product_name": "MobpazarBasic Full Ortopedik Lux Bamboo Yaylı Yatak Ölçü Seçenekli, Aynı Gün Kargo\n\n1.939,03 TL",
    "price": 1939.03,
    "image_url": "https://cdn.dsmcdn.com/ty985/product/media/images/jpim-outputs/assets/product/media/images/20230816/15/403988124/235329312/2/2_org.jpg",
    "url": "https://www.trendyol.com/mobpazar/basic-full-ortopedik-lux-bamboo-yayli-yatak-olcu-secenekli-ayni-gun-kargo-p-137658737?merchantId=105056"
  },
  {
    "site": "trendyol",
    "product_name": "MobpazarAçelya Bamboo Comfort Ortopedik Yatak\n\n1.618,93 TL",
    "price": 1618.93,
    "image_url": "https://cdn.dsmcdn.com/ty1619/prod/QC/20241231/18/bf5e9a31-f180-3ee1-8396-4dbddc54d534/1_org.jpg",
    "url": "https://www.trendyol.com/mobpazar/acelya-bamboo-comfort-ortopedik-yatak-p-321586694?merchantId=105056"
  },
  {
    "site": "trendyol",
    "product_name": "MobpazarFlora Full Ortopedik Lux Bamboo Yaylı Yaylı Yatak, Ölçü Seçenekli\n\n1.842,03 TL",
    "price": 1842.03,
    "image_url": "https://cdn.dsmcdn.com/ty729/product/media/images/20230213/15/280236455/189852178/1/1_org.jpg",
    "url": "https://www.trendyol.com/mobpazar/flora-full-ortopedik-lux-bamboo-yayli-yayli-yatak-olcu-secenekli-p-117904820?merchantId=105056"
  },
  {
    "site": "trendyol",
    "product_name": "En Çok Satan 1. Ürün\nUS. SLEEPING Full Ortopedik Bamboo Classic Yaylı Yatak (21CM)\nOrtopedik ve Yaylı\n4.5\n(4773)\nEv&Yaşam Sepette 5% İndirim\nKargo Bedava\nEv&Yaşam Sepette 5% İndirim\nSepette\n1.899,05 TL\n1.999 TL\n90 x 190\n+9 Boyut",
    "price": 1.0,
    "image_url": "https://cdn.dsmcdn.com/mnresize/400/-/ty1522/product/media/images/prod/QC/20240828/10/232fc8df-0fd4-32ff-a0c8-315e6d64f12b/1_org_zoom.jpg",
    "url": "https://www.trendyol.com/us-sleeping/full-ortopedik-bamboo-classic-yayli-yatak-21cm-p-32871173?boutiqueId=61&merchantId=111328"
  },
  {
    "site": "trendyol",
    "product_name": "En Çok Ziyaret Edilen 1. Ürün\nYataş\n Spinal Support Bamboo Roll Pack Pocket Yaylı Yatak\nYaylı\n4.4\n(4634)\n\nSon 14 Günün En Düşük Fiyatı\n\n200 TL Kupon\nKargo Bedava\n\nSon 14 Günün En Düşük Fiyatı\n\n3.799 TL\n3.999 TL\n90 x 190\n+6 Boyut",
    "price": 1.0,
    "image_url": "https://cdn.dsmcdn.com/mnresize/400/-/ty945/product/media/images/20230609/13/383944014/300125986/2/2_org_zoom.jpg",
    "url": "https://www.trendyol.com/yatas/spinal-support-bamboo-roll-pack-pocket-yayli-yatak-p-183334791?boutiqueId=61&merchantId=106771"
  },
  {
    "site": "trendyol",
    "product_name": "En Çok Ziyaret Edilen 5. Ürün\nGenel Markalar Tam Ortopedik Sünger Yatak 12 Cm Tek Kişilik Bebek Yatak\n🚛\nHızlı teslimat yapılıyor!\n🚀\n3 günde 788 kişi ekledi!\n🧡\n30,2B kişi favoriledi!\n👀\n24 saatte 1,2B kişi inceledi!\n🚛\nHızlı teslimat yapılıyor!\n4.4\n(2897)\nKampanyalı Fiyat\n100 TL Kupon\nKargo Bedava\nSepette %50 İndirim\nKampanyalı Fiyat\nSepette\n664,05 TL\n1.398 TL\n45 x 85\n+21 Boyut",
    "price": 5.0,
    "image_url": "https://cdn.dsmcdn.com/mnresize/400/-/ty246/product/media/images/20211116/16/181457815/316189945/1/1_org_zoom.jpg",
    "url": "https://www.trendyol.com/genel-markalar/tam-ortopedik-sunger-yatak-12-cm-tek-kisilik-bebek-yatak-p-192190869?boutiqueId=61&merchantId=109929"
  },
  {
    "site": "trendyol",
    "product_name": "En Çok Değerlendirilen 1. Ürün\nMobpazar Basic Full Ortopedik Lux Bamboo Yaylı Yatak Ölçü Seçenekli, Aynı Gün Kargo\n🚛\nHızlı teslimat yapılıyor!\n🚀\n3 günde 1,2B kişi ekledi!\n🧡\n71,7B kişi favoriledi!\n👀\n24 saatte 867 kişi inceledi!\n🚛\nHızlı teslimat yapılıyor!\n4.2\n(6618)\nSepette %3 İndirim\n58 TL Kupon\nKargo Bedava\nSepette %3 İndirim\nSepette\n1.939,03 TL\n1.999 TL\n90 x 190\n+14 Boyut",
    "price": 1.0,
    "image_url": "https://cdn.dsmcdn.com/mnresize/400/-/ty985/product/media/images/jpim-outputs/assets/product/media/images/20230816/15/403988124/235329312/2/2_org_zoom.jpg",
    "url": "https://www.trendyol.com/mobpazar/basic-full-ortopedik-lux-bamboo-yayli-yatak-olcu-secenekli-ayni-gun-kargo-p-137658737?boutiqueId=61&merchantId=105056"
  },
  {
    "site": "trendyol",
    "product_name": "En Çok Ziyaret Edilen 3. Ürün\nLUPER\n Ultra Ortopedik Bel ve Sırt Destekli İstanbul Luxuria Pedli Roll Pack Yaylı Yatak\n🚛\nHızlı teslimat yapılıyor!\n🚀\n3 günde 1,5B kişi ekledi!\n🧡\n29,8B kişi favoriledi!\n👀\n24 saatte 1,2B kişi inceledi!\nhaticeaslan1d65814d öneriyor!\n🚛\nHızlı teslimat yapılıyor!\n4.4\n(903)\n24 TL Kupon\nKargo Bedava\nÇok Al Az Öde\n24 TL Kupon\n2.455 TL\n90 x 190\n+9 Boyut",
    "price": 3.0,
    "image_url": "https://cdn.dsmcdn.com/mnresize/400/-/ty1796/prod/QC_ENRICHMENT/20251203/17/e4b9f12a-30df-3061-84ce-82ff16cec4ce/1_org_zoom.jpg",
    "url": "https://www.trendyol.com/luper/ultra-ortopedik-bel-ve-sirt-destekli-istanbul-luxuria-pedli-roll-pack-yayli-yatak-p-416264769?boutiqueId=61&merchantId=730090"
  },
  {
    "site": "amazon",
    "product_name": "",
    "price": 14.0,
    "image_url": "https://images-eu.ssl-images-amazon.com/images/I/813nLWCz3oL._AC_UL450_SR450,320_.jpg",
    "url": "https://www.amazon.com.tr/URUCHI-Tak%C4%B1l%C4%B1rken-Kesinlikle-B%C4%B1rakmayan-Darbelere/dp/B0CK193FMN/ref=zg_bs_c_electronics_d_sccl_1/262-9828977-7908539?pd_rd_w=Xnhhy&content-id=amzn1.sym.838bdf39-69ac-4899-bb4e-7e4319249386&pf_rd_p=838bdf39-69ac-4899-bb4e-7e4319249386&pf_rd_r=RD2S0PG806EDXFBVMZPW&pd_rd_wg=xSsXP&pd_rd_r=faa32ffb-9c5c-497b-8144-fd2aa85fdfa9&pd_rd_i=B0CK193FMN&psc=1"
  },
  {
    "site": "trendyol",
    "product_name": "",
    "price": 8.0,
    "image_url": "https://cdn.dsmcdn.com/seller-store/uploads/105056/5f714d82-2781-4594-a258-eebb16d9d3c3.jpeg",
    "url": "https://www.trendyol.com/magaza/X-m-105056"
  },
  {
    "site": "trendyol",
    "product_name": "MobpazarRiva Comfort Full Ortopedik Yatak – Çift Taraflı Kullanım ve Üst Düzey Konfor\n\n1.987,53 TL",
    "price": 1987.53,
    "image_url": "https://cdn.dsmcdn.com/ty1796/prod/QC_PREP/20251205/16/eed77144-a761-326a-b051-7fc268aa7d2e/1_org.jpg",
    "url": "https://www.trendyol.com/mobpazar/riva-comfort-full-ortopedik-yatak-cift-tarafli-kullanim-ve-ust-duzey-konfor-p-1061902414?merchantId=105056"
  },
  {
    "site": "trendyol",
    "product_name": "MobpazarBasic Full Ortopedik Lux Bamboo Yaylı Yatak Ölçü Seçenekli, Aynı Gün Kargo\n\n1.939,03 TL",
    "price": 1939.03,
    "image_url": "https://cdn.dsmcdn.com/ty985/product/media/images/jpim-outputs/assets/product/media/images/20230816/15/403988124/235329312/2/2_org.jpg",
    "url": "https://www.trendyol.com/mobpazar/basic-full-ortopedik-lux-bamboo-yayli-yatak-olcu-secenekli-ayni-gun-kargo-p-137658737?merchantId=105056"
  },
  {
    "site": "trendyol",
    "product_name": "MobpazarAçelya Bamboo Comfort Ortopedik Yatak\n\n1.618,93 TL",
    "price": 1618.93,
    "image_url": "https://cdn.dsmcdn.com/ty1619/prod/QC/20241231/18/bf5e9a31-f180-3ee1-8396-4dbddc54d534/1_org.jpg",
    "url": "https://www.trendyol.com/mobpazar/acelya-bamboo-comfort-ortopedik-yatak-p-321586694?merchantId=105056"
  },
  {
    "site": "trendyol",
    "product_name": "MobpazarFlora Full Ortopedik Lux Bamboo Yaylı Yaylı Yatak, Ölçü Seçenekli\n\n1.842,03 TL",
    "price": 1842.03,
    "image_url": "https://cdn.dsmcdn.com/ty729/product/media/images/20230213/15/280236455/189852178/1/1_org.jpg",
    "url": "https://www.trendyol.com/mobpazar/flora-full-ortopedik-lux-bamboo-yayli-yayli-yatak-olcu-secenekli-p-117904820?merchantId=105056"
  },
  {
    "site": "trendyol",
    "product_name": "En Çok Satan 1. Ürün\nUS. SLEEPING Full Ortopedik Bamboo Classic Yaylı Yatak (21CM)\nOrtopedik ve Yaylı\n4.5\n(4773)\nEv&Yaşam Sepette 5% İndirim\nKargo Bedava\nEv&Yaşam Sepette 5% İndirim\nSepette\n1.899,05 TL\n1.999 TL\n90 x 190\n+9 Boyut",
    "price": 1.0,
    "image_url": "https://cdn.dsmcdn.com/mnresize/400/-/ty1522/product/media/images/prod/QC/20240828/10/232fc8df-0fd4-32ff-a0c8-315e6d64f12b/1_org_zoom.jpg",
    "url": "https://www.trendyol.com/us-sleeping/full-ortopedik-bamboo-classic-yayli-yatak-21cm-p-32871173?boutiqueId=61&merchantId=111328"
  },
  {
    "site": "trendyol",
    "product_name": "En Çok Ziyaret Edilen 1. Ürün\nYataş\n Spinal Support Bamboo Roll Pack Pocket Yaylı Yatak\nYaylı\n4.4\n(4634)\n\nSon 14 Günün En Düşük Fiyatı\n\n200 TL Kupon\nKargo Bedava\n\nSon 14 Günün En Düşük Fiyatı\n\n3.799 TL\n3.999 TL\n90 x 190\n+6 Boyut",
    "price": 1.0,
    "image_url": "https://cdn.dsmcdn.com/mnresize/400/-/ty945/product/media/images/20230609/13/383944014/300125986/2/2_org_zoom.jpg",
    "url": "https://www.trendyol.com/yatas/spinal-support-bamboo-roll-pack-pocket-yayli-yatak-p-183334791?boutiqueId=61&merchantId=106771"
  },
  {
    "site": "trendyol",
    "product_name": "En Çok Ziyaret Edilen 5. Ürün\nGenel Markalar Tam Ortopedik Sünger Yatak 12 Cm Tek Kişilik Bebek Yatak\n🚛\nHızlı teslimat yapılıyor!\n🚀\n3 günde 788 kişi ekledi!\n🧡\n30,2B kişi favoriledi!\n👀\n24 saatte 1,2B kişi inceledi!\n🚛\nHızlı teslimat yapılıyor!\n4.4\n(2897)\nKampanyalı Fiyat\n100 TL Kupon\nKargo Bedava\nSepette %50 İndirim\nKampanyalı Fiyat\nSepette\n664,05 TL\n1.398 TL\n45 x 85\n+21 Boyut",
    "price": 5.0,
    "image_url": "https://cdn.dsmcdn.com/mnresize/400/-/ty246/product/media/images/20211116/16/181457815/316189945/1/1_org_zoom.jpg",
    "url": "https://www.trendyol.com/genel-markalar/tam-ortopedik-sunger-yatak-12-cm-tek-kisilik-bebek-yatak-p-192190869?boutiqueId=61&merchantId=109929"
  },
  {
    "site": "trendyol",
    "product_name": "En Çok Değerlendirilen 1. Ürün\nMobpazar Basic Full Ortopedik Lux Bamboo Yaylı Yatak Ölçü Seçenekli, Aynı Gün Kargo\n🚛\nHızlı teslimat yapılıyor!\n🚀\n3 günde 1,2B kişi ekledi!\n🧡\n71,7B kişi favoriledi!\n👀\n24 saatte 867 kişi inceledi!\n🚛\nHızlı teslimat yapılıyor!\n4.2\n(6618)\nSepette %3 İndirim\n58 TL Kupon\nKargo Bedava\nSepette %3 İndirim\nSepette\n1.939,03 TL\n1.999 TL\n90 x 190\n+14 Boyut",
    "price": 1.0,
    "image_url": "https://cdn.dsmcdn.com/mnresize/400/-/ty985/product/media/images/jpim-outputs/assets/product/media/images/20230816/15/403988124/235329312/2/2_org_zoom.jpg",
    "url": "https://www.trendyol.com/mobpazar/basic-full-ortopedik-lux-bamboo-yayli-yatak-olcu-secenekli-ayni-gun-kargo-p-137658737?boutiqueId=61&merchantId=105056"
  },
  {
    "site": "trendyol",
    "product_name": "",
    "price": 8.0,
    "image_url": "https://cdn.dsmcdn.com/seller-store/uploads/105056/5f714d82-2781-4594-a258-eebb16d9d3c3.jpeg",
    "url": "https://www.trendyol.com/magaza/X-m-105056"
  },
  {
    "site": "trendyol",
    "product_name": "MobpazarRiva Comfort Full Ortopedik Yatak – Çift Taraflı Kullanım ve Üst Düzey Konfor\n\n1.987,53 TL",
    "price": 1987.53,
    "image_url": "https://cdn.dsmcdn.com/ty1796/prod/QC_PREP/20251205/16/eed77144-a761-326a-b051-7fc268aa7d2e/1_org.jpg",
    "url": "https://www.trendyol.com/mobpazar/riva-comfort-full-ortopedik-yatak-cift-tarafli-kullanim-ve-ust-duzey-konfor-p-1061902414?merchantId=105056"
  },
  {
    "site": "trendyol",
    "product_name": "MobpazarBasic Full Ortopedik Lux Bamboo Yaylı Yatak Ölçü Seçenekli, Aynı Gün Kargo\n\n1.939,03 TL",
    "price": 1939.03,
    "image_url": "https://cdn.dsmcdn.com/ty985/product/media/images/jpim-outputs/assets/product/media/images/20230816/15/403988124/235329312/2/2_org.jpg",
    "url": "https://www.trendyol.com/mobpazar/basic-full-ortopedik-lux-bamboo-yayli-yatak-olcu-secenekli-ayni-gun-kargo-p-137658737?merchantId=105056"
  },
  {
    "site": "trendyol",
    "product_name": "MobpazarAçelya Bamboo Comfort Ortopedik Yatak\n\n1.618,93 TL",
    "price": 1618.93,
    "image_url": "https://cdn.dsmcdn.com/ty1619/prod/QC/20241231/18/bf5e9a31-f180-3ee1-8396-4dbddc54d534/1_org.jpg",
    "url": "https://www.trendyol.com/mobpazar/acelya-bamboo-comfort-ortopedik-yatak-p-321586694?merchantId=105056"
  },
  {
    "site": "trendyol",
    "product_name": "MobpazarFlora Full Ortopedik Lux Bamboo Yaylı Yaylı Yatak, Ölçü Seçenekli\n\n1.842,03 TL",
    "price": 1842.03,
    "image_url": "https://cdn.dsmcdn.com/ty729/product/media/images/20230213/15/280236455/189852178/1/1_org.jpg",
    "url": "https://www.trendyol.com/mobpazar/flora-full-ortopedik-lux-bamboo-yayli-yayli-yatak-olcu-secenekli-p-117904820?merchantId=105056"
  },
  {
    "site": "trendyol",
    "product_name": "En Çok Satan 1. Ürün\nUS. SLEEPING Full Ortopedik Bamboo Classic Yaylı Yatak (21CM)\nOrtopedik ve Yaylı\n4.5\n(4773)\nEv&Yaşam Sepette 5% İndirim\nKargo Bedava\nEv&Yaşam Sepette 5% İndirim\nSepette\n1.899,05 TL\n1.999 TL\n90 x 190\n+9 Boyut",
    "price": 1.0,
    "image_url": "https://cdn.dsmcdn.com/mnresize/400/-/ty1522/product/media/images/prod/QC/20240828/10/232fc8df-0fd4-32ff-a0c8-315e6d64f12b/1_org_zoom.jpg",
    "url": "https://www.trendyol.com/us-sleeping/full-ortopedik-bamboo-classic-yayli-yatak-21cm-p-32871173?boutiqueId=61&merchantId=111328"
  },
  {
    "site": "trendyol",
    "product_name": "En Çok Ziyaret Edilen 1. Ürün\nYataş\n Spinal Support Bamboo Roll Pack Pocket Yaylı Yatak\nYaylı\n4.4\n(4634)\n\nSon 14 Günün En Düşük Fiyatı\n\n200 TL Kupon\nKargo Bedava\n\nSon 14 Günün En Düşük Fiyatı\n\n3.799 TL\n3.999 TL\n90 x 190\n+6 Boyut",
    "price": 1.0,
    "image_url": "https://cdn.dsmcdn.com/mnresize/400/-/ty945/product/media/images/20230609/13/383944014/300125986/2/2_org_zoom.jpg",
    "url": "https://www.trendyol.com/yatas/spinal-support-bamboo-roll-pack-pocket-yayli-yatak-p-183334791?boutiqueId=61&merchantId=106771"
  },
  {
    "site": "trendyol",
    "product_name": "En Çok Ziyaret Edilen 5. Ürün\nGenel Markalar Tam Ortopedik Sünger Yatak 12 Cm Tek Kişilik Bebek Yatak\n🚛\nHızlı teslimat yapılıyor!\n🚀\n3 günde 788 kişi ekledi!\n🧡\n30,2B kişi favoriledi!\n👀\n24 saatte 1,2B kişi inceledi!\n🚛\nHızlı teslimat yapılıyor!\n4.4\n(2897)\nKampanyalı Fiyat\n100 TL Kupon\nKargo Bedava\nSepette %50 İndirim\nKampanyalı Fiyat\nSepette\n664,05 TL\n1.398 TL\n45 x 85\n+21 Boyut",
    "price": 5.0,
    "image_url": "https://cdn.dsmcdn.com/mnresize/400/-/ty246/product/media/images/20211116/16/181457815/316189945/1/1_org_zoom.jpg",
    "url": "https://www.trendyol.com/genel-markalar/tam-ortopedik-sunger-yatak-12-cm-tek-kisilik-bebek-yatak-p-192190869?boutiqueId=61&merchantId=109929"
  },
  {
    "site": "trendyol",
    "product_name": "En Çok Değerlendirilen 1. Ürün\nMobpazar Basic Full Ortopedik Lux Bamboo Yaylı Yatak Ölçü Seçenekli, Aynı Gün Kargo\n🚛\nHızlı teslimat yapılıyor!\n🚀\n3 günde 1,2B kişi ekledi!\n🧡\n71,7B kişi favoriledi!\n👀\n24 saatte 867 kişi inceledi!\n🚛\nHızlı teslimat yapılıyor!\n4.2\n(6618)\nSepette %3 İndirim\n58 TL Kupon\nKargo Bedava\nSepette %3 İndirim\nSepette\n1.939,03 TL\n1.999 TL\n90 x 190\n+14 Boyut",
    "price": 1.0,
    "image_url": "https://cdn.dsmcdn.com/mnresize/400/-/ty985/product/media/images/jpim-outputs/assets/product/media/images/20230816/15/403988124/235329312/2/2_org_zoom.jpg",
    "url": "https://www.trendyol.com/mobpazar/basic-full-ortopedik-lux-bamboo-yayli-yatak-olcu-secenekli-ayni-gun-kargo-p-137658737?boutiqueId=61&merchantId=105056"
  },
  {
    "site": "trendyol",
    "product_name": "En Çok Ziyaret Edilen 3. Ürün\nLUPER\n Ultra Ortopedik Bel ve Sırt Destekli İstanbul Luxuria Pedli Roll Pack Yaylı Yatak\n🚛\nHızlı teslimat yapılıyor!\n🚀\n3 günde 1,5B kişi ekledi!\n🧡\n29,8B kişi favoriledi!\n👀\n24 saatte 1,2B kişi inceledi!\nhaticeaslan1d65814d öneriyor!\n🚛\nHızlı teslimat yapılıyor!\n4.4\n(903)\n24 TL Kupon\nKargo Bedava\nÇok Al Az Öde\n24 TL Kupon\n2.455 TL\n90 x 190\n+9 Boyut",
    "price": 3.0,
    "image_url": "https://cdn.dsmcdn.com/mnresize/400/-/ty1796/prod/QC_ENRICHMENT/20251203/17/e4b9f12a-30df-3061-84ce-82ff16cec4ce/1_org_zoom.jpg",
    "url": "https://www.trendyol.com/luper/ultra-ortopedik-bel-ve-sirt-destekli-istanbul-luxuria-pedli-roll-pack-yayli-yatak-p-416264769?boutiqueId=61&merchantId=730090"
  },
  {
    "site": "n11",
    "product_name": "ÜCRETSİZ KARGO\n\nUS. Sleeping Economic Sünger Yatak 90 x 190\n(185)\n1.478 TL\nSEPETTE\n1.433,66 TL",
    "price": 90.0,
    "image_url": "https://n11scdn.akamaized.net/a1/org/25/10/15/91/87/94/29/67/07/45/28/63/06067733000230975923.png",
    "url": "https://www.n11.com/urun/us-sleeping-economic-sunger-yatak-90-x-190-32650229"
  },
  {
    "site": "n11",
    "product_name": "ÜCRETSİZ KARGO\n\nUs. Sleeping Ultra Ortopedik Touch Brown Orijinal Pedli Yaylı Yatak (27Cm) 90X190\n(37)\n2.601 TL\nSEPETTE\n2.522,97 TL",
    "price": 27.0,
    "image_url": "https://n11scdn.akamaized.net/a1/org/25/10/15/91/87/94/29/67/07/45/28/63/06067733000230975923.png",
    "url": "https://www.n11.com/urun/us-sleeping-ultra-ortopedik-touch-brown-orijinal-pedli-yayli-yatak-27cm-90x190-18187174"
  },
  {
    "site": "n11",
    "product_name": "ÜCRETSİZ KARGO\n\nYataş Bedding Spinal Support Bamboo Pocket Yaylı Yatak 90x190\n(93)\n4.674,15 TL\nSEPETTE\n4.014,27 TL",
    "price": 90.0,
    "image_url": "https://n11scdn.akamaized.net/a1/org/25/10/15/65/47/15/92/47/06/78/14/12/5549709177890585707.png",
    "url": "https://www.n11.com/urun/yatas-bedding-spinal-support-bamboo-pocket-yayli-yatak-90x190-18189981"
  },
  {
    "site": "n11",
    "product_name": "ÜCRETSİZ KARGO\n\nUs.Sleeping Ultra Ortopedik Süper Bamboo Yaylı Yatak Tüm Ölçüler\n(232)\n1.806 TL\nSEPETTE\n1.751,82 TL",
    "price": 232.0,
    "image_url": "https://n11scdn.akamaized.net/a1/org/25/10/15/91/87/94/29/67/07/45/28/63/06067733000230975923.png",
    "url": "https://www.n11.com/urun/ussleeping-ultra-ortopedik-super-bamboo-yayli-yatak-tum-olculer-18185410"
  },
  {
    "site": "n11",
    "product_name": "ÜCRETSİZ KARGO\n\nRoyal Lux Bedding Nano Full Ortopedik Tek Kişilik Yatak 90 x 190\n(200)\n2.998,98 TL\nSEPETTE\n1.727,04 TL",
    "price": 90.0,
    "image_url": "https://n11scdn.akamaized.net/a1/org/25/10/15/91/87/94/29/67/07/45/28/63/06067733000230975923.png",
    "url": "https://www.n11.com/urun/royal-lux-bedding-nano-full-ortopedik-tek-kisilik-yatak-90-x-190-18189728"
  },
  {
    "site": "n11",
    "product_name": "ÜCRETSİZ KARGO\n\nYataş Bedding Spinal Support Classic RP Pocket Yaylı Yatak 90x190\n(36)\n5499\nSEPETTE\n3.409,38 TL",
    "price": 90.0,
    "image_url": "https://n11scdn.akamaized.net/a1/org/25/10/15/65/47/15/92/47/06/78/14/12/5549709177890585707.png",
    "url": "https://www.n11.com/urun/yatas-bedding-spinal-support-classic-rp-pocket-yayli-yatak-90x190-25331276"
  },
  {
    "site": "n11",
    "product_name": "ÜCRETSİZ KARGO\n\nYataş Bedding Spinal Support Bamboo Pocket Yaylı Yatak 100x200\n(29)\n5999\nSEPETTE\n4.499,25 TL",
    "price": 100.0,
    "image_url": "https://n11scdn.akamaized.net/a1/org/25/10/15/65/47/15/92/47/06/78/14/12/5549709177890585707.png",
    "url": "https://www.n11.com/urun/yatas-bedding-spinal-support-bamboo-pocket-yayli-yatak-100x200-18189996"
  },
  {
    "site": "n11",
    "product_name": "ÜCRETSİZ KARGO\n\nUs.Sleepıng Us. Sleepıng Full Ortopedik Bamboo Classic Yaylı Yatak 90 X 190\n(52)\n1.779 TL\nSEPETTE\n1.699 TL",
    "price": 90.0,
    "image_url": "https://n11scdn.akamaized.net/a1/org/25/10/15/91/87/94/29/67/07/45/28/63/06067733000230975923.png",
    "url": "https://www.n11.com/urun/ussleeping-us-sleeping-full-ortopedik-bamboo-classic-yayli-yatak-90-x-190-18187144"
  },
  {
    "site": "n11",
    "product_name": "ÜCRETSİZ KARGO\n\nYataş Bedding Spinal Support Bamboo Pocket Yaylı Yatak 120x200\n(15)\n6899\nSEPETTE\n5.243,24 TL",
    "price": 120.0,
    "image_url": "https://n11scdn.akamaized.net/a1/org/25/10/15/65/47/15/92/47/06/78/14/12/5549709177890585707.png",
    "url": "https://www.n11.com/urun/yatas-bedding-spinal-support-bamboo-pocket-yayli-yatak-120x200-18190001"
  },
  {
    "site": "n11",
    "product_name": "ÜCRETSİZ KARGO\n\nUS. Sleeping Full Ortopedik Hybrid Kuş Tüyü Yaylı Yatak (22 CM) 90X190\n(11)\n1.861 TL\nSEPETTE\n1.805,17 TL",
    "price": 22.0,
    "image_url": "https://n11scdn.akamaized.net/a1/org/25/10/15/91/87/94/29/67/07/45/28/63/06067733000230975923.png",
    "url": "https://www.n11.com/urun/us-sleeping-full-ortopedik-hybrid-kus-tuyu-yayli-yatak-22-cm-90x190-18187228"
  }
]