[
  {
    "product_url": "https://www.trendyol.com/u-s-polo-assn/kadin-siyah-ispanyol-paca-tayt-50297274-vr046-p-886972612?merchantId=163",
    "product_name": "U.S. Polo Assn. Kadın Siyah İspanyol Paça Tayt 50297274-VR046",
    "image_url": "https://cdn.dsmcdn.com/ty1764/prod/QC_ENRICHMENT/20251002/16/cdd134b8-0dfc-3059-aa4b-684857aa3ebf/1_org_zoom.jpg",
    "reason": {
      "reason": "badge-[class*=\"badge\"]",
      "badge_text": "En çok ziyaret edilen 6. ürün"
    },
    "price": 679.98
  },
  {
    "product_url": "https://www.trendyol.com/u-s-polo-assn/kadin-lacivert-mont-50312005-vr033-p-984149363?merchantId=163",
    "product_name": "U.S. Polo Assn. Kadın Lacivert Mont 50312005-VR033",
    "image_url": "https://cdn.dsmcdn.com/ty1750/prod/QC_PREP/20250908/14/d3c01a4d-b902-34e6-ba2f-bcf05fedc050/1_org_zoom.jpg",
    "reason": {
      "reason": "badge-[class*=\"badge\"]",
      "badge_text": "En çok değerlendirilen 5. ürün"
    },
    "price": 1799.98
  },
  {
    "product_url": "https://www.trendyol.com/u-s-polo-assn/kadin-siyah-mont-50312004-vr046-p-1039152909?merchantId=163",
    "product_name": "U.S. Polo Assn. Kadın Siyah Mont 50312004-VR046",
    "image_url": "https://cdn.dsmcdn.com/ty1780/prod/QC_PREP/20251024/12/79ffe752-85c1-3725-8cdb-237518aa68ea/1_org_zoom.jpg",
    "reason": {
      "reason": "badge-[class*=\"badge\"]",
      "badge_text": "En çok satılan 4. ürün"
    },
    "price": 2199.98
  }
]