[
  {
    "product_url": "https://www.trendyol.com/avva/erkek-siyah-dik-yaka-fermuarli-soft-touch-polar-regular-fit-sweatshirt-e001068-p-349056115?merchantId=107671",
    "product_name": "Avva Erkek Siyah Dik Yaka Fermuarlı Soft Touch Polar Regular Fit Sweatshirt E001068",
    "image_url": "https://cdn.dsmcdn.com/ty1803/prod/QC_ENRICHMENT/20251223/14/9736ba08-4e9a-3479-8060-d4ad52ce8e4e/1_org_zoom.jpg",
    "reason": {
      "reason": "body-text"
    },
    "price": 693.59,
    "category": "erkek",
    "category_url": "https://www.trendyol.com/erkek",
    "category_3": "Erkek Giyim"
  },
  {
    "product_url": "https://www.trendyol.com/nebbati/bg-store-erkek-cocuk-yesil-mont-p-985821157?merchantId=107139",
    "product_name": "Nebbati BG Store Erkek Çocuk Yeşil Mont",
    "image_url": "https://cdn.dsmcdn.com/ty1753/prod/QC_PREP/20250911/15/de6f5c7b-bca6-384d-820d-a0d0e766641d/1_org_zoom.jpg",
    "reason": {
      "reason": "badge-[class*=\"badge\"]",
      "badge_text": "En çok satılan 4. ürün"
    },
    "price": 4999.0,
    "category": "cocuk",
    "category_url": "https://www.trendyol.com/cocuk",
    "category_3": "Çocuk Giyim"
  },
  {
    "product_url": "https://www.trendyol.com/ttec/recharger-lcd-10-000mah-pd-30w-usb-c-dahili-kablolu-tasinabilir-hizli-sarj-aleti-powerbank-2bb228ug-p-1041127198?merchantId=107419",
    "product_name": "Ttec ReCharger LCD 10.000mAh PD 30W USB-C Dahili Kablolu Taşınabilir Hızlı Şarj Aleti/Powerbank 2BB228UG",
    "image_url": "https://cdn.dsmcdn.com/ty1781/prod/QC_PREP/20251027/15/e7cb02b6-9358-3a32-a80c-30ba57310cda/1_org_zoom.jpg",
    "reason": {
      "reason": "badge-[class*=\"badge\"]",
      "badge_text": "En çok satılan 3. ürün"
    },
    "price": 1999.0,
    "category": "elektronik",
    "category_url": "https://www.trendyol.com/elektronik",
    "category_3": "Elektronik"
  },
  {
    "product_url": "https://www.trendyol.com/ttec/recharger-pro-m-10-000mah-qi2-magsafe-ozellikli-15w-iphone-android-stantli-kablosuz-2bb227s-p-1041135311?merchantId=107419",
    "product_name": "Ttec ReCharger Pro M 10.000mAh Qi2/MagSafe Özellikli 15W iPhone/Android Stantlı Kablosuz 2BB227S",
    "image_url": "https://cdn.dsmcdn.com/ty1780/prod/QC_PREP/20251027/16/e0583328-8e98-3633-ba46-07a6254168a2/1_org_zoom.jpg",
    "reason": {
      "reason": "badge-[class*=\"badge\"]",
      "badge_text": "En çok ziyaret edilen 9. ürün"
    },
    "price": 1899.0,
    "category": "elektronik",
    "category_url": "https://www.trendyol.com/elektronik",
    "category_3": "Elektronik"
  },
  {
    "product_url": "https://www.trendyol.com/ttec/recharger-mini-10-000mah-pd-22-5w-usb-c-dahili-kablolu-tasinabilir-hizli-sarj-aleti-powerbank-2bb265-p-1051517664?merchantId=107419",
    "product_name": "Ttec ReCharger Mini 10.000mAh PD 22.5W USB-C Dahili Kablolu Taşınabilir Hızlı Şarj Aleti/Powerbank 2BB265",
    "image_url": "https://cdn.dsmcdn.com/ty1789/prod/QC_PREP/20251117/11/448cc044-c0cf-3944-bb35-03dad25b6b35/1_org_zoom.jpg",
    "reason": {
      "reason": "badge-[class*=\"badge\"]",
      "badge_text": "En çok satılan 3. ürün"
    },
    "price": 1999.0,
    "category": "elektronik",
    "category_url": "https://www.trendyol.com/elektronik",
    "category_3": "Elektronik"
  },
  {
    "product_url": "https://www.trendyol.com/mixipower/iphone-14-uyumlu-bilinmeyen-parca-uyarisiz-yuzdelik-gosteren-batarya-tr-garantili-p-1046088506?merchantId=1062385",
    "product_name": "mixipower iPhone 14 Uyumlu Bilinmeyen Parça Uyarısız, Yüzdelik Gösteren Batarya TR Garantili",
    "image_url": "https://cdn.dsmcdn.com/ty1805/prod/QC_ENRICHMENT/20251225/08/4ebedc2c-2cfb-32d0-883f-b52b1283c0ce/1_org_zoom.jpg",
    "reason": {
      "reason": "badge-[class*=\"badge\"]",
      "badge_text": "En çok ziyaret edilen 7. ürün"
    },
    "price": 1215.23,
    "category": "elektronik",
    "category_url": "https://www.trendyol.com/elektronik",
    "category_3": "Telefon"
  },
  {
    "product_url": "https://www.trendyol.com/mixipower/iphone-11-pro-uyumlu-yuksek-kapasiteli-batarya-pil-sagligi-yuzdesi-gosterir-tr-garantili-p-1045564807?merchantId=1062385",
    "product_name": "mixipower iPhone 11 Pro Uyumlu Yüksek Kapasiteli Batarya, Pil Sağlığı Yüzdesi Gösterir, TR Garantili",
    "image_url": "https://cdn.dsmcdn.com/ty1805/prod/QC_ENRICHMENT/20251225/08/703166ad-6af6-3d32-9848-52fa6303aa5c/1_org_zoom.jpg",
    "reason": {
      "reason": "badge-[class*=\"badge\"]",
      "badge_text": "En çok satılan 2. ürün"
    },
    "price": 1190.27,
    "category": "elektronik",
    "category_url": "https://www.trendyol.com/elektronik",
    "category_3": "Telefon"
  },
  {
    "product_url": "https://www.trendyol.com/mixipower/iphone-x-uyumlu-yuksek-kapasiteli-batarya-pil-sagligi-yuzde-gosterir-tr-garantili-p-1045565124?merchantId=1062385",
    "product_name": "mixipower iPhone X Uyumlu Yüksek Kapasiteli Batarya, Pil Sağlığı Yüzde Gösterir, TR Garantili",
    "image_url": "https://cdn.dsmcdn.com/ty1803/prod/QC_ENRICHMENT/20251225/08/bff949b5-a56e-3755-9df0-888c353f3abc/1_org_zoom.jpg",
    "reason": {
      "reason": "badge-[class*=\"badge\"]",
      "badge_text": "En çok favorilenen 9. ürün"
    },
    "price": 1012.03,
    "category": "elektronik",
    "category_url": "https://www.trendyol.com/elektronik",
    "category_3": "Telefon"
  }
]