[
  {
    "href": "https://www.trendyol.com/alpces/suet-eldiven-dokunmatik-kullanim-rahatligi-p-1074263791?merchantId=1210684",
    "box": {
      "x": 273,
      "y": -5069,
      "width": 874,
      "height": 118
    },
    "hit": false,
    "ocr_texts": [
      "ae OE ees\nKadin Kazak Koton Kadin\nTrandval Bamanya Trendunl Cakya.",
      "OE ees\nKoton Kadin",
      "Philips Airfryer\n‘Apple Mac Mini",
      "yol Romanya Trendyc"
    ]
  },
  {
    "href": "https://www.trendyol.com/u-s-polo-assn/kadin-coconut-jogger-esofman-alti-50296822-vr153-p-871261954?merchantId=163",
    "box": {
      "x": 273,
      "y": -2921,
      "width": 874,
      "height": 118
    },
    "hit": false,
    "ocr_texts": [
      "ae OE ees\nKadin Kazak Koton Kadin\nTrandval Bamanya Trendunl Cakya.",
      "OE ees\nKoton Kadin",
      "Philips Airfryer\n‘Apple Mac Mini",
      "yol Romanya Trendyc"
    ]
  }
]