[
  {
    "product_url": "https://www.trendyol.com/u-s-polo-assn/kadin-siyah-sardonlu-esofman-alti-50313583-vr046-p-1025882876?merchantId=163",
    "product_name": "U.S. Polo Assn. Kadın Siyah Şardonlu Eşofman Altı 50313583-VR046",
    "image_url": {
      "type": "ImageObject",
      "contentUrl": [
        "https://cdn.dsmcdn.com/ty1796/prod/QC_ENRICHMENT/20251127/18/ecd82081-1ded-3259-a347-f66de405e7cf/1_org_zoom.jpg",
        "https://cdn.dsmcdn.com/ty1795/prod/QC_ENRICHMENT/20251127/18/0ab8e776-1443-39dc-9225-2f678d1d56cf/1_org_zoom.jpg",
        "https://cdn.dsmcdn.com/ty1796/prod/QC_ENRICHMENT/20251127/18/a7898510-1f38-34d7-b901-70cbe48db132/1_org_zoom.jpg",
        "https://cdn.dsmcdn.com/ty1795/prod/QC_ENRICHMENT/20251127/18/23691668-db57-37e4-a665-8b63b66ceece/1_org_zoom.jpg",
        "https://cdn.dsmcdn.com/ty1795/prod/QC_ENRICHMENT/20251127/18/c1646955-2b00-3a8a-8677-cd0af6cf14b6/1_org_zoom.jpg",
        "https://cdn.dsmcdn.com/ty1795/prod/QC_ENRICHMENT/20251127/18/09534a35-fd97-35f5-859f-53c584c21842/1_org_zoom.jpg"
      ],
      "embeddedTextCaption": [
        "U.S. Polo Assn. Kadın Siyah Şardonlu Eşofman Altı 50313583-VR046 - 1",
        "U.S. Polo Assn. Kadın Siyah Şardonlu Eşofman Altı 50313583-VR046 - 2",
        "U.S. Polo Assn. Kadın Siyah Şardonlu Eşofman Altı 50313583-VR046 - 3",
        "U.S. Polo Assn. Kadın Siyah Şardonlu Eşofman Altı 50313583-VR046 - 4",
        "U.S. Polo Assn. Kadın Siyah Şardonlu Eşofman Altı 50313583-VR046 - 5",
        "U.S. Polo Assn. Kadın Siyah Şardonlu Eşofman Altı 50313583-VR046 - 6"
      ]
    },
    "rank": 1,
    "price": 879.98,
    "material": "Özellik\nSoğuk Havaya Dayanıklı\nPaça Tipi\nDüz Paça\nPaça Boyu\nUzun\nMateryal\nTekstil\nRenk\nSiyah\nBel\nNormal Bel\nÜRÜNÜN TÜM ÖZELLİKLERİ\nÜRÜNÜN KAMPANYALARI\n\n500 TL ve Üzeri Kargo Bedava",
    "category_3": "Kadın Spor Outdoor"
  },
  {
    "product_url": "https://www.trendyol.com/u-s-polo-assn/kadin-siyah-jogger-esofman-alti-50313584-vr046-p-987716074?merchantId=163",
    "product_name": "U.S. Polo Assn. Kadın Siyah Jogger Eşofman Altı 50313584-VR046",
    "image_url": {
      "type": "ImageObject",
      "contentUrl": [
        "https://cdn.dsmcdn.com/ty1785/prod/QC_ENRICHMENT/20251111/18/d98b1cab-25b3-3b08-ab00-84f110bdc722/1_org_zoom.jpg",
        "https://cdn.dsmcdn.com/ty1786/prod/QC_ENRICHMENT/20251111/20/a8b4b713-57a5-3be1-b04f-b31bb7789546/1_org_zoom.jpg",
        "https://cdn.dsmcdn.com/ty1786/prod/QC_ENRICHMENT/20251111/20/b4c0359c-52c6-3f8d-912d-3ef8ea7067ff/1_org_zoom.jpg",
        "https://cdn.dsmcdn.com/ty1787/prod/QC_ENRICHMENT/20251111/18/864b7e30-ec8e-3821-a931-51704121383e/1_org_zoom.jpg",
        "https://cdn.dsmcdn.com/ty1787/prod/QC_ENRICHMENT/20251111/18/58976ee9-c9f5-3021-a206-f1bff6a5ea88/1_org_zoom.jpg",
        "https://cdn.dsmcdn.com/ty1786/prod/QC_ENRICHMENT/20251111/18/c0e0b174-0924-3e60-8f14-06b5b54a4cc7/1_org_zoom.jpg",
        "https://cdn.dsmcdn.com/ty1785/prod/QC_ENRICHMENT/20251111/18/7bc187dd-c4b9-3c78-80f2-90e2ece66ca2/1_org_zoom.jpg"
      ],
      "embeddedTextCaption": [
        "U.S. Polo Assn. Kadın Siyah Jogger Eşofman Altı 50313584-VR046 - 1",
        "U.S. Polo Assn. Kadın Siyah Jogger Eşofman Altı 50313584-VR046 - 2",
        "U.S. Polo Assn. Kadın Siyah Jogger Eşofman Altı 50313584-VR046 - 3",
        "U.S. Polo Assn. Kadın Siyah Jogger Eşofman Altı 50313584-VR046 - 4",
        "U.S. Polo Assn. Kadın Siyah Jogger Eşofman Altı 50313584-VR046 - 5",
        "U.S. Polo Assn. Kadın Siyah Jogger Eşofman Altı 50313584-VR046 - 6",
        "U.S. Polo Assn. Kadın Siyah Jogger Eşofman Altı 50313584-VR046 - 7"
      ]
    },
    "rank": 2,
    "price": 839.98,
    "material": "Tekstil\nRenk\nSiyah\nBel\nNormal Bel\nDesen\nDüz\nÜRÜNÜN TÜM ÖZELLİKLERİ\nÜRÜNÜN KAMPANYALARI\n\n500 TL ve Üzeri Kargo Bedava",
    "category_3": "Kadın Spor Outdoor"
  },
  {
    "product_url": "https://www.trendyol.com/u-s-polo-assn/kadin-bordo-sardonlu-esofman-alti-50313583-vr177-p-979224178?merchantId=163",
    "product_name": "U.S. Polo Assn. Kadın Bordo Şardonlu Eşofman Altı 50313583-VR177",
    "image_url": {
      "type": "ImageObject",
      "contentUrl": [
        "https://cdn.dsmcdn.com/ty1793/prod/QC_ENRICHMENT/20251126/20/158b68dd-a905-3166-9d3a-980162f36e5a/1_org_zoom.jpg",
        "https://cdn.dsmcdn.com/ty1792/prod/QC_ENRICHMENT/20251126/20/6d2c3db2-7f3e-3896-9313-f71e5b3e7dfe/1_org_zoom.jpg",
        "https://cdn.dsmcdn.com/ty1793/prod/QC_ENRICHMENT/20251126/20/2273ea40-d614-3eca-aab5-f8a2bdef327e/1_org_zoom.jpg",
        "https://cdn.dsmcdn.com/ty1791/prod/QC_ENRICHMENT/20251126/20/57ac6b75-9198-3818-9265-def6f234fff6/1_org_zoom.jpg",
        "https://cdn.dsmcdn.com/ty1791/prod/QC_ENRICHMENT/20251126/20/9564962a-856d-3bfe-8292-5a85a57a15dc/1_org_zoom.jpg",
        "https://cdn.dsmcdn.com/ty1793/prod/QC_ENRICHMENT/20251126/20/c85a821c-3da8-37c2-888b-c2136534d1c1/1_org_zoom.jpg"
      ],
      "embeddedTextCaption": [
        "U.S. Polo Assn. Kadın Bordo Şardonlu Eşofman Altı 50313583-VR177 - 1",
        "U.S. Polo Assn. Kadın Bordo Şardonlu Eşofman Altı 50313583-VR177 - 2",
        "U.S. Polo Assn. Kadın Bordo Şardonlu Eşofman Altı 50313583-VR177 - 3",
        "U.S. Polo Assn. Kadın Bordo Şardonlu Eşofman Altı 50313583-VR177 - 4",
        "U.S. Polo Assn. Kadın Bordo Şardonlu Eşofman Altı 50313583-VR177 - 5",
        "U.S. Polo Assn. Kadın Bordo Şardonlu Eşofman Altı 50313583-VR177 - 6"
      ]
    },
    "rank": 3,
    "price": 879.98,
    "material": "Özellik\nSoğuk Havaya Dayanıklı\nPaça Tipi\nDüz Paça\nPaça Boyu\nUzun\nMateryal\nTekstil\nRenk\nKırmızı\nBel\nNormal Bel\nÜRÜNÜN TÜM ÖZELLİKLERİ\nÜRÜNÜN KAMPANYALARI\n\n500 TL ve Üzeri Kargo Bedava",
    "category_3": "Kadın Spor Outdoor"
  },
  {
    "product_url": "https://www.trendyol.com/u-s-polo-assn/kadin-lacivert-sardonlu-esofman-alti-50313583-vr033-p-1025882904?merchantId=163",
    "product_name": "U.S. Polo Assn. Kadın Lacivert Şardonlu Eşofman Altı 50313583-VR033",
    "image_url": {
      "type": "ImageObject",
      "contentUrl": [
        "https://cdn.dsmcdn.com/ty1792/prod/QC_ENRICHMENT/20251126/20/497c4238-6e8c-39fa-a3e7-705bd7e8b6bf/1_org_zoom.jpg",
        "https://cdn.dsmcdn.com/ty1792/prod/QC_ENRICHMENT/20251126/20/7b159114-cfee-3ded-9040-6657bb99afee/1_org_zoom.jpg",
        "https://cdn.dsmcdn.com/ty1792/prod/QC_ENRICHMENT/20251126/20/e52a7035-b212-383e-8cc6-2d4ed1cdd542/1_org_zoom.jpg",
        "https://cdn.dsmcdn.com/ty1791/prod/QC_ENRICHMENT/20251126/20/871b8c4a-33bb-3d03-8bee-d7d1d0002575/1_org_zoom.jpg",
        "https://cdn.dsmcdn.com/ty1793/prod/QC_ENRICHMENT/20251126/19/4242b43c-0466-32e3-985d-1f90b6c66de7/1_org_zoom.jpg",
        "https://cdn.dsmcdn.com/ty1793/prod/QC_ENRICHMENT/20251126/20/86a77e22-77dc-3c2e-96b3-b2e4bc43d4b2/1_org_zoom.jpg"
      ],
      "embeddedTextCaption": [
        "U.S. Polo Assn. Kadın Lacivert Şardonlu Eşofman Altı 50313583-VR033 - 1",
        "U.S. Polo Assn. Kadın Lacivert Şardonlu Eşofman Altı 50313583-VR033 - 2",
        "U.S. Polo Assn. Kadın Lacivert Şardonlu Eşofman Altı 50313583-VR033 - 3",
        "U.S. Polo Assn. Kadın Lacivert Şardonlu Eşofman Altı 50313583-VR033 - 4",
        "U.S. Polo Assn. Kadın Lacivert Şardonlu Eşofman Altı 50313583-VR033 - 5",
        "U.S. Polo Assn. Kadın Lacivert Şardonlu Eşofman Altı 50313583-VR033 - 6"
      ]
    },
    "rank": 4,
    "price": 879.98,
    "material": "Özellik\nSoğuk Havaya Dayanıklı\nPaça Tipi\nDüz Paça\nPaça Boyu\nUzun\nMateryal\nTekstil\nRenk\nLacivert\nBel\nNormal Bel\nÜRÜNÜN TÜM ÖZELLİKLERİ\nÜRÜNÜN KAMPANYALARI\n\n500 TL ve Üzeri Kargo Bedava",
    "category_3": "Kadın Spor Outdoor"
  },
  {
    "product_url": "https://www.trendyol.com/under-armour/krem-kiz-cocuk-mont-1388637-110-unstoppable-crop-jacket-p-885810324",
    "product_name": "Under Armour Krem Kız Çocuk Mont 1388637-110-Unstoppable Crop Jacket",
    "image_url": {
      "type": "ImageObject",
      "contentUrl": [
        "https://cdn.dsmcdn.com/ty1614/prod/QC/20241220/03/4baef268-c272-3a6e-99d1-43d8de3d7fbf/1_org_zoom.jpg",
        "https://cdn.dsmcdn.com/ty1614/prod/QC/20241220/03/1a154273-eb22-3fd5-8a60-a844ce4a46d5/1_org_zoom.jpg"
      ],
      "embeddedTextCaption": [
        "Under Armour Krem Kız Çocuk Mont 1388637-110-Unstoppable Crop Jacket - 1",
        "Under Armour Krem Kız Çocuk Mont 1388637-110-Unstoppable Crop Jacket - 2"
      ]
    },
    "rank": 5,
    "price": 1500.0,
    "material": "Tipi\nBelirtilmemiş\nRenk\nBej\nDesen\nDüz\nÜrün Tipi\nDüz\nCep\nGizli\nBoy\nCrop\nÜRÜNÜN TÜM ÖZELLİKLERİ\nÜRÜNÜN KAMPANYALARI\n\n300 TL ve Üzeri Kargo Bedava",
    "category_3": "Kadın Giyim"
  },
  {
    "product_url": "https://www.trendyol.com/kozia-outdoors/kadin-kahverengi-baklava-desenli-oversize-triko-tunik-kazak-p-1056818433",
    "product_name": "KOZİA OUTDOORS Kadın Kahverengi Baklava Desenli Oversize Triko Tunik Kazak",
    "image_url": {
      "type": "ImageObject",
      "contentUrl": [
        "https://cdn.dsmcdn.com/ty1792/prod/QC_PREP/20251127/00/f7657c4e-844a-3c7b-8701-96e0c2fd4465/1_org_zoom.jpg",
        "https://cdn.dsmcdn.com/ty1791/prod/QC_PREP/20251127/00/8541ae8d-4b20-39bd-8f1b-a66224b91445/1_org_zoom.jpg",
        "https://cdn.dsmcdn.com/ty1793/prod/QC_PREP/20251127/00/536aed30-fd57-3a70-a8d1-70e00ec9750d/1_org_zoom.jpg",
        "https://cdn.dsmcdn.com/ty1793/prod/QC_PREP/20251127/00/6ea46789-6f07-33d6-8d71-103e659925ca/1_org_zoom.jpg",
        "https://cdn.dsmcdn.com/ty1769/prod/QC_ENRICHMENT/20251008/18/1496c15c-3ec3-3242-801a-7410198e8a04/1_org_zoom.jpg"
      ],
      "embeddedTextCaption": [
        "KOZİA OUTDOORS Kadın Kahverengi Baklava Desenli Oversize Triko Tunik Kazak - 1",
        "KOZİA OUTDOORS Kadın Kahverengi Baklava Desenli Oversize Triko Tunik Kazak - 2",
        "KOZİA OUTDOORS Kadın Kahverengi Baklava Desenli Oversize Triko Tunik Kazak - 3",
        "KOZİA OUTDOORS Kadın Kahverengi Baklava Desenli Oversize Triko Tunik Kazak - 4",
        "KOZİA OUTDOORS Kadın Kahverengi Baklava Desenli Oversize Triko Tunik Kazak - 5"
      ]
    },
    "rank": 6,
    "price": 399.0,
    "material": "Pamuklu\nKumaş Tipi\nTriko\nRenk\nKahverengi\nYaka Tipi\nBisiklet Yaka\nDesen\nDüz\nÜrün Detayı\nDokuma Detaylı\nÜRÜNÜN TÜM ÖZELLİKLERİ\nMODANIN SANCAĞI\n9",
    "category_3": "Kadın Giyim"
  },
  {
    "product_url": "https://www.trendyol.com/defacto/regular-fit-kusakli-kase-kaban-e8636ax25au-p-991643873",
    "product_name": "Defacto Regular Fit Kuşaklı Kaşe Kaban E8636AX25AU",
    "image_url": {
      "type": "ImageObject",
      "contentUrl": [
        "https://cdn.dsmcdn.com/ty1762/prod/QC_PREP/20250924/03/3598d088-39d5-3df3-ad10-f28b8cdc4aa6/1_org_zoom.jpg",
        "https://cdn.dsmcdn.com/ty1761/prod/QC_PREP/20250924/03/b77c12e0-65c3-3807-9da5-037ec40affb3/1_org_zoom.jpg",
        "https://cdn.dsmcdn.com/ty1761/prod/QC_PREP/20250924/03/9e787f6f-ed7d-3657-ae70-432b615ca5dc/1_org_zoom.jpg",
        "https://cdn.dsmcdn.com/ty1763/prod/QC_PREP/20250924/03/f5374eac-28e5-3ccc-bc39-103987676f1c/1_org_zoom.jpg",
        "https://cdn.dsmcdn.com/ty1763/prod/QC_PREP/20250924/03/6d95b530-40eb-3ab9-bf81-3a9b93221bfc/1_org_zoom.jpg",
        "https://cdn.dsmcdn.com/ty1761/prod/QC_PREP/20250924/03/a6d27451-2b76-3358-80f9-ea7ace080f7b/1_org_zoom.jpg",
        "https://cdn.dsmcdn.com/ty1761/prod/QC_PREP/20250924/03/bd62d656-56d1-3a95-8140-65447d4395d4/1_org_zoom.jpg",
        "https://cdn.dsmcdn.com/ty1762/prod/QC_PREP/20250924/03/e49240ac-5faf-3201-8964-83c8927422ab/1_org_zoom.jpg"
      ],
      "embeddedTextCaption": [
        "Defacto Regular Fit Kuşaklı Kaşe Kaban E8636AX25AU - 1",
        "Defacto Regular Fit Kuşaklı Kaşe Kaban E8636AX25AU - 2",
        "Defacto Regular Fit Kuşaklı Kaşe Kaban E8636AX25AU - 3",
        "Defacto Regular Fit Kuşaklı Kaşe Kaban E8636AX25AU - 4",
        "Defacto Regular Fit Kuşaklı Kaşe Kaban E8636AX25AU - 5",
        "Defacto Regular Fit Kuşaklı Kaşe Kaban E8636AX25AU - 6",
        "Defacto Regular Fit Kuşaklı Kaşe Kaban E8636AX25AU - 7",
        "Defacto Regular Fit Kuşaklı Kaşe Kaban E8636AX25AU - 8"
      ]
    },
    "rank": 7,
    "price": 1439.99,
    "material": "Kaşe\nKalıp\nBelirtilmemiş\nKumaş Tipi\nDokuma\nRenk\nEkru\nYaka Tipi\nCeket Yaka\nDesen\nDüz\nBoy\nBelirtilmemiş\nSiluet\nRegular\nÜRÜNÜN TÜM ÖZELLİKLERİ\nÜRÜNÜN KAMPANYALARI\n\nSepette %10 İndirim\n\n8 saat 50 dakika\n\nSepette Uygulanacak\n\nDeFacto\n9",
    "category_3": "Kadın Giyim"
  },
  {
    "product_url": "https://www.trendyol.com/anblys-collection/bisiklet-yaka-kazak-mini-etek-pelus-dokuma-kumas-kadin-ikili-triko-takim-p-1073946568",
    "product_name": "ANBLYs COLLECTION BİSİKLET YAKA KAZAK MİNİ ETEK PELUŞ DOKUMA KUMAŞ KADIN İKİLİ TRİKO TAKIM",
    "image_url": {
      "type": "ImageObject",
      "contentUrl": [
        "https://cdn.dsmcdn.com/ty1800/prod/QC_PREP/20251219/20/8777e7cc-ada8-323e-ab99-764043f388dd/1_org_zoom.jpg",
        "https://cdn.dsmcdn.com/ty1801/prod/QC_PREP/20251219/20/2f057309-cf61-39ea-9c22-b9c6839eee09/1_org_zoom.jpg",
        "https://cdn.dsmcdn.com/ty1802/prod/QC_PREP/20251219/20/07600283-eaa9-3316-88b1-547c2e3f1b03/1_org_zoom.jpg",
        "https://cdn.dsmcdn.com/ty1802/prod/QC_PREP/20251219/20/e3c54a2d-6c99-36a2-92c0-12864a795eb6/1_org_zoom.jpg"
      ],
      "embeddedTextCaption": [
        "ANBLYs COLLECTION BİSİKLET YAKA KAZAK MİNİ ETEK PELUŞ DOKUMA KUMAŞ KADIN İKİLİ TRİKO TAKIM - 1",
        "ANBLYs COLLECTION BİSİKLET YAKA KAZAK MİNİ ETEK PELUŞ DOKUMA KUMAŞ KADIN İKİLİ TRİKO TAKIM - 2",
        "ANBLYs COLLECTION BİSİKLET YAKA KAZAK MİNİ ETEK PELUŞ DOKUMA KUMAŞ KADIN İKİLİ TRİKO TAKIM - 3",
        "ANBLYs COLLECTION BİSİKLET YAKA KAZAK MİNİ ETEK PELUŞ DOKUMA KUMAŞ KADIN İKİLİ TRİKO TAKIM - 4"
      ]
    },
    "rank": 8,
    "price": 1850.0,
    "material": "KADIN İKİLİ TRİKO TAKIM\n1",
    "category_3": "Kadın Giyim"
  },
  {
    "product_url": "https://www.trendyol.com/defacto/90-s-wide-leg-siyah-kadin-jean-pantolon-e9125ax-nm40-p-967159766",
    "product_name": "Defacto 90's Wide Leg Siyah Kadın Jean Pantolon E9125AX/NM40",
    "image_url": {
      "type": "ImageObject",
      "contentUrl": [
        "https://cdn.dsmcdn.com/ty1757/prod/QC_ENRICHMENT/20250917/15/c55a6a4b-d4e0-3dc1-8a0a-8e72316301be/1_org_zoom.jpg",
        "https://cdn.dsmcdn.com/ty1757/prod/QC_ENRICHMENT/20250917/15/db6bff36-2746-3475-8b7a-9cb03c4aa86c/1_org_zoom.jpg",
        "https://cdn.dsmcdn.com/ty1757/prod/QC_ENRICHMENT/20250917/15/46223e84-9c47-31f9-a69e-f11ccf9f4b64/1_org_zoom.jpg",
        "https://cdn.dsmcdn.com/ty1757/prod/QC_ENRICHMENT/20250917/15/a1293287-8a43-36a9-bd11-63205777a312/1_org_zoom.jpg",
        "https://cdn.dsmcdn.com/ty1757/prod/QC_ENRICHMENT/20250917/15/063dd9c5-e3d2-37a9-9fc8-52de2d24f9d4/1_org_zoom.jpg",
        "https://cdn.dsmcdn.com/ty1757/prod/QC_ENRICHMENT/20250917/15/4cddd07c-d97e-3864-9ba9-efd33b351905/1_org_zoom.jpg"
      ],
      "embeddedTextCaption": [
        "Defacto 90's Wide Leg Siyah Kadın Jean Pantolon E9125AX/NM40 - 1",
        "Defacto 90's Wide Leg Siyah Kadın Jean Pantolon E9125AX/NM40 - 2",
        "Defacto 90's Wide Leg Siyah Kadın Jean Pantolon E9125AX/NM40 - 3",
        "Defacto 90's Wide Leg Siyah Kadın Jean Pantolon E9125AX/NM40 - 4",
        "Defacto 90's Wide Leg Siyah Kadın Jean Pantolon E9125AX/NM40 - 5",
        "Defacto 90's Wide Leg Siyah Kadın Jean Pantolon E9125AX/NM40 - 6"
      ]
    },
    "rank": 9,
    "price": 899.99,
    "material": "Pamuk\nCep\n5 Cep\nÜrün Tipi\nDüz\nÜRÜNÜN TÜM ÖZELLİKLERİ\nDeFacto\n9",
    "category_3": "Kadın Giyim"
  },
  {
    "product_url": "https://www.trendyol.com/uyguntarz/unisex-siyah-fermuarli-kapusonlu-sweatshirt-p-331600200",
    "product_name": "uyguntarz Unisex Siyah Fermuarlı Kapüşonlu Sweatshirt",
    "image_url": {
      "type": "ImageObject",
      "contentUrl": [
        "https://cdn.dsmcdn.com/ty1754/prod/QC_ENRICHMENT/20250911/17/219558c9-db95-34ed-8080-c98133144ab3/1_org_zoom.jpg",
        "https://cdn.dsmcdn.com/ty1610/prod/QC/20241130/12/2c47d107-76c5-3eb9-8857-be6ae29f290e/1_org_zoom.jpg",
        "https://cdn.dsmcdn.com/ty1608/prod/QC/20241130/12/6047e53c-6462-3d9d-b64e-8a72e0331ee2/1_org_zoom.jpg",
        "https://cdn.dsmcdn.com/ty1752/prod/QC_ENRICHMENT/20250910/21/41e02530-33cb-3980-b224-e92b6c54448c/1_org_zoom.jpg",
        "https://cdn.dsmcdn.com/ty1610/prod/QC/20241130/12/a1caf6f2-1e57-32b7-97c7-ecd473e7a01f/1_org_zoom.jpg"
      ],
      "embeddedTextCaption": [
        "uyguntarz Unisex Siyah Fermuarlı Kapüşonlu Sweatshirt - 1",
        "uyguntarz Unisex Siyah Fermuarlı Kapüşonlu Sweatshirt - 2",
        "uyguntarz Unisex Siyah Fermuarlı Kapüşonlu Sweatshirt - 3",
        "uyguntarz Unisex Siyah Fermuarlı Kapüşonlu Sweatshirt - 4",
        "uyguntarz Unisex Siyah Fermuarlı Kapüşonlu Sweatshirt - 5"
      ]
    },
    "rank": 10,
    "price": 449.9,
    "material": "Pamuk Polyester\nKalıp\nRegular\nYaka Tipi\nKapüşonlu\nKol Tipi\nUzun Kol\nDesen\nDüz\nKumaş Tipi\nÖrme\nRenk\nSiyah\nÜrün Detayı\nFermuar\nÜRÜNÜN TÜM ÖZELLİKLERİ\nÜRÜNÜN KAMPANYALARI\n\n300 TL ve Üzeri Kargo Bedava",
    "category_3": "Erkek Giyim"
  },
  {
    "product_url": "https://www.trendyol.com/network/kahverengi-cizgili-pike-sweatshirt-p-990818780",
    "product_name": "Network Kahverengi Çizgili Pike Sweatshirt",
    "image_url": {
      "type": "ImageObject",
      "contentUrl": [
        "https://cdn.dsmcdn.com/ty1769/prod/QC_ENRICHMENT/20251008/08/908c27de-c0b4-3b50-ac2d-c4db3a9be510/1_org_zoom.jpg",
        "https://cdn.dsmcdn.com/ty1768/prod/QC_ENRICHMENT/20251008/08/0bbd6160-2fdf-3d0a-9539-ca9ecd60fb51/1_org_zoom.jpg",
        "https://cdn.dsmcdn.com/ty1769/prod/QC_ENRICHMENT/20251008/08/68a410ea-c1c7-3610-bcaf-8429665cea31/1_org_zoom.jpg",
        "https://cdn.dsmcdn.com/ty1767/prod/QC_ENRICHMENT/20251008/08/aee6477f-1ad6-38c9-944f-013ee7335d48/1_org_zoom.jpg",
        "https://cdn.dsmcdn.com/ty1769/prod/QC_ENRICHMENT/20251008/08/cf8575b2-3e15-310d-b03c-3739d5581e82/1_org_zoom.jpg",
        "https://cdn.dsmcdn.com/ty1768/prod/QC_ENRICHMENT/20251008/08/6cc92880-befe-3d8b-b291-327f18baacaa/1_org_zoom.jpg"
      ],
      "embeddedTextCaption": [
        "Network Kahverengi Çizgili Pike Sweatshirt - 1",
        "Network Kahverengi Çizgili Pike Sweatshirt - 2",
        "Network Kahverengi Çizgili Pike Sweatshirt - 3",
        "Network Kahverengi Çizgili Pike Sweatshirt - 4",
        "Network Kahverengi Çizgili Pike Sweatshirt - 5",
        "Network Kahverengi Çizgili Pike Sweatshirt - 6"
      ]
    },
    "rank": 11,
    "price": 2599.0,
    "material": "Tipi\nÖrme\nCep\nCepsiz\nÜRÜNÜN TÜM ÖZELLİKLERİ\nÜRÜNÜN KAMPANYALARI\n\n300 TL ve Üzeri Kargo Bedava",
    "category_3": "Kadın Giyim"
  },
  {
    "product_url": "https://www.trendyol.com/rich-star/tasli-paca-kesimli-duz-pantolon-p-1080024649",
    "product_name": "Rich Star Taşlı Paça Kesimli Düz Pantolon",
    "image_url": {
      "type": "ImageObject",
      "contentUrl": [
        "https://cdn.dsmcdn.com/ty1807/prod/QC_PREP/20260105/13/0c91c05f-8a9d-3055-984f-a79cc0fd3fd5/1_org_zoom.jpg",
        "https://cdn.dsmcdn.com/ty1807/prod/QC_PREP/20260105/13/d98fa8e6-7888-3164-8c9e-0b01e78dc479/1_org_zoom.jpg",
        "https://cdn.dsmcdn.com/ty1807/prod/QC_PREP/20260105/13/1ee498ee-3beb-3842-bce5-0b0bd0fabe99/1_org_zoom.jpg"
      ],
      "embeddedTextCaption": [
        "Rich Star Taşlı Paça Kesimli Düz Pantolon - 1",
        "Rich Star Taşlı Paça Kesimli Düz Pantolon - 2",
        "Rich Star Taşlı Paça Kesimli Düz Pantolon - 3"
      ]
    },
    "rank": 12,
    "price": 1599.0,
    "material": "Tipi\nDenim\nPaça Tipi\nDüz Paça\nBel\nYüksek Bel\nDesen\nDüz\nRenk\nKahverengi\nCep\nCepsiz\nAstar Durumu\nAstarsız\nBoy\nBelirtilmemiş\nÜRÜNÜN TÜM ÖZELLİKLERİ\nMooday\n9",
    "category_3": "Kadın Giyim"
  },
  {
    "product_url": "https://www.trendyol.com/defacto/regular-fit-bisiklet-yaka-islemeli-triko-hirka-f3896ax25wn-p-967570602",
    "product_name": "Defacto Regular Fit Bisiklet Yaka İşlemeli Triko Hırka F3896AX25WN",
    "image_url": {
      "type": "ImageObject",
      "contentUrl": [
        "https://cdn.dsmcdn.com/ty1757/prod/QC_ENRICHMENT/20250917/15/71bad197-ea2b-3891-acfb-9008e940f1c7/1_org_zoom.jpg",
        "https://cdn.dsmcdn.com/ty1757/prod/QC_ENRICHMENT/20250917/15/25220980-fe5c-3bfc-8161-4b8477a24a8d/1_org_zoom.jpg",
        "https://cdn.dsmcdn.com/ty1757/prod/QC_ENRICHMENT/20250917/15/1cdafcdb-9499-3ffe-825a-6375d7749109/1_org_zoom.jpg",
        "https://cdn.dsmcdn.com/ty1757/prod/QC_ENRICHMENT/20250917/15/ff0b4919-d7e8-3aac-8b81-e92fe5486ef0/1_org_zoom.jpg",
        "https://cdn.dsmcdn.com/ty1757/prod/QC_ENRICHMENT/20250917/15/76cba0c9-4204-335e-b8fe-f69254599b64/1_org_zoom.jpg"
      ],
      "embeddedTextCaption": [
        "Defacto Regular Fit Bisiklet Yaka İşlemeli Triko Hırka F3896AX25WN - 1",
        "Defacto Regular Fit Bisiklet Yaka İşlemeli Triko Hırka F3896AX25WN - 2",
        "Defacto Regular Fit Bisiklet Yaka İşlemeli Triko Hırka F3896AX25WN - 3",
        "Defacto Regular Fit Bisiklet Yaka İşlemeli Triko Hırka F3896AX25WN - 4",
        "Defacto Regular Fit Bisiklet Yaka İşlemeli Triko Hırka F3896AX25WN - 5"
      ]
    },
    "rank": 13,
    "price": 1049.99,
    "material": "Akrilik\nKalıp\nRegular\nYaka Tipi\nBisiklet Yaka\nKol Tipi\nStandart Kol\nDesen\nDüz\nKumaş Tipi\nTriko\nRenk\nEkru\nÜrün Tipi\nBaskılı\nÜRÜNÜN TÜM ÖZELLİKLERİ\nÜRÜNÜN KAMPANYALARI\n\nSepette %30 İndirim\n\n8 saat 49 dakika\n\nSepette Uygulanacak\n\nDeFacto\n9",
    "category_3": "Kadın Giyim"
  },
  {
    "product_url": "https://www.trendyol.com/uyguntarz/perfectly-baskili-oversize-sweatshirt-p-847276335",
    "product_name": "uyguntarz Perfectly Baskılı Oversize Sweatshirt",
    "image_url": {
      "type": "ImageObject",
      "contentUrl": [
        "https://cdn.dsmcdn.com/ty1546/product/media/images/ty1547/prod/QC/20240916/00/76ce057b-2362-3b93-93c3-9f31e91c7dd0/1_org_zoom.jpg",
        "https://cdn.dsmcdn.com/ty1545/product/media/images/ty1545/prod/QC/20240916/00/bf5a733b-e2d8-3813-b655-e3cf115373f5/1_org_zoom.jpg",
        "https://cdn.dsmcdn.com/ty1545/product/media/images/ty1546/prod/QC/20240916/00/384474b4-ac5e-3f90-9d41-159d07033093/1_org_zoom.jpg"
      ],
      "embeddedTextCaption": [
        "uyguntarz Perfectly Baskılı Oversize Sweatshirt - 1",
        "uyguntarz Perfectly Baskılı Oversize Sweatshirt - 2",
        "uyguntarz Perfectly Baskılı Oversize Sweatshirt - 3"
      ]
    },
    "rank": 14,
    "price": 247.77,
    "material": "Pamuk Polyester\nKoleksiyon\nSportswear\nKutu Durumu\nKutu yok\nKol Tipi\nUzun Kol\nRenk\nKırmızı\nÜRÜNÜN TÜM ÖZELLİKLERİ\nÜRÜNÜN KAMPANYALARI\n\n300 TL ve Üzeri Kargo Bedava",
    "category_3": "Kadın Giyim"
  },
  {
    "product_url": "https://www.trendyol.com/x-young/fitilli-yani-fermuarli-kadife-etek-kahve-p-927611611",
    "product_name": "X-Young Fitilli Yanı Fermuarlı Kadife Etek KAHVE",
    "image_url": {
      "type": "ImageObject",
      "contentUrl": [
        "https://cdn.dsmcdn.com/ty1795/prod/QC_ENRICHMENT/20251127/18/e40dd2c7-4e0b-3573-b3e3-094381f521b4/1_org_zoom.jpg",
        "https://cdn.dsmcdn.com/ty1796/prod/QC_ENRICHMENT/20251127/18/d3443aac-3f57-3964-9d09-56f8632d4389/1_org_zoom.jpg",
        "https://cdn.dsmcdn.com/ty1795/prod/QC_ENRICHMENT/20251127/18/37d1e36f-5463-3e29-8681-f3286a5712c1/1_org_zoom.jpg",
        "https://cdn.dsmcdn.com/ty1794/prod/QC_ENRICHMENT/20251127/18/57716405-954e-325f-8c93-d97c7d5c46ef/1_org_zoom.jpg"
      ],
      "embeddedTextCaption": [
        "X-Young Fitilli Yanı Fermuarlı Kadife Etek KAHVE - 1",
        "X-Young Fitilli Yanı Fermuarlı Kadife Etek KAHVE - 2",
        "X-Young Fitilli Yanı Fermuarlı Kadife Etek KAHVE - 3",
        "X-Young Fitilli Yanı Fermuarlı Kadife Etek KAHVE - 4"
      ]
    },
    "rank": 15,
    "price": 1104.99,
    "material": "Kadife\nDesen\nDüz\nKumaş Tipi\nBelirtilmemiş\nRenk\nKahverengi\nBoy\nBelirtilmemiş\nDokuma Tipi\nFitilli\nMenşei\nTR\nÜRÜNÜN TÜM ÖZELLİKLERİ\nx young\n9",
    "category_3": "Kadın Giyim"
  },
  {
    "product_url": "https://www.trendyol.com/mavi/logo-baskili-kapusonlu-bordo-sweatshirt-1600361-85493-p-753964151",
    "product_name": "Mavi Logo Baskılı Kapüşonlu Bordo Sweatshirt 1600361-85493",
    "image_url": {
      "type": "ImageObject",
      "contentUrl": [
        "https://cdn.dsmcdn.com/ty1805/prod/QC_ENRICHMENT/20251229/04/381d1e0c-e86f-37c0-980d-cec7f2fe92eb/1_org_zoom.jpg",
        "https://cdn.dsmcdn.com/ty1805/prod/QC_ENRICHMENT/20251229/04/4c176727-8046-363c-b245-5d82ea08c152/1_org_zoom.jpg",
        "https://cdn.dsmcdn.com/ty1804/prod/QC_ENRICHMENT/20251229/04/3ad859ba-5a0d-3998-8cc4-2c9da0e693de/1_org_zoom.jpg",
        "https://cdn.dsmcdn.com/ty1805/prod/QC_ENRICHMENT/20251229/04/d413e0dc-2597-337f-8b8a-38624862d1a5/1_org_zoom.jpg",
        "https://cdn.dsmcdn.com/ty1805/prod/QC_ENRICHMENT/20251229/04/6776ebdf-7359-3933-8e66-cad3681d51b9/1_org_zoom.jpg",
        "https://cdn.dsmcdn.com/ty1805/prod/QC_ENRICHMENT/20251229/04/aff8bf6b-9406-33e9-b794-db2906833455/1_org_zoom.jpg",
        "https://cdn.dsmcdn.com/ty1805/prod/QC_ENRICHMENT/20251229/04/66b9ba0f-61a8-3582-bf2e-eb0d7b1587b5/1_org_zoom.jpg",
        "https://cdn.dsmcdn.com/ty1805/prod/QC_ENRICHMENT/20251229/04/97a28a46-2410-3c11-b589-0926949e536a/1_org_zoom.jpg"
      ],
      "embeddedTextCaption": [
        "Mavi Logo Baskılı Kapüşonlu Bordo Sweatshirt 1600361-85493 - 1",
        "Mavi Logo Baskılı Kapüşonlu Bordo Sweatshirt 1600361-85493 - 2",
        "Mavi Logo Baskılı Kapüşonlu Bordo Sweatshirt 1600361-85493 - 3",
        "Mavi Logo Baskılı Kapüşonlu Bordo Sweatshirt 1600361-85493 - 4",
        "Mavi Logo Baskılı Kapüşonlu Bordo Sweatshirt 1600361-85493 - 5",
        "Mavi Logo Baskılı Kapüşonlu Bordo Sweatshirt 1600361-85493 - 6",
        "Mavi Logo Baskılı Kapüşonlu Bordo Sweatshirt 1600361-85493 - 7",
        "Mavi Logo Baskılı Kapüşonlu Bordo Sweatshirt 1600361-85493 - 8"
      ]
    },
    "rank": 16,
    "price": 639.0,
    "material": "Kumaş\nKoleksiyon\nSportswear\nKutu Durumu\nKutu yok\nKol Tipi\nStandart Kol\nKalıp\nBelirtilmemiş\nKumaş Tipi\nBelirtilmemiş\nÜRÜNÜN TÜM ÖZELLİKLERİ\nLa Carte\n7",
    "category_3": "Kadın Giyim"
  },
  {
    "product_url": "https://www.trendyol.com/defacto/regular-fit-yumusak-dokulu-bisiklet-yaka-basic-duz-triko-kazak-i6913az24wn-p-875850449",
    "product_name": "Defacto Regular Fit Yumuşak Dokulu Bisiklet Yaka Basic Düz Triko Kazak I6913AZ24WN",
    "image_url": {
      "type": "ImageObject",
      "contentUrl": [
        "https://cdn.dsmcdn.com/ty1791/prod/QC_ENRICHMENT/20251125/09/0eda3477-024a-38ca-939f-e04ef83b39d5/1_org_zoom.jpg",
        "https://cdn.dsmcdn.com/ty1791/prod/QC_ENRICHMENT/20251125/09/54732426-2f39-3fad-b036-51937e43c475/1_org_zoom.jpg",
        "https://cdn.dsmcdn.com/ty1792/prod/QC_ENRICHMENT/20251125/09/0475111b-2008-305a-b91e-a42b09181c73/1_org_zoom.jpg",
        "https://cdn.dsmcdn.com/ty1792/prod/QC_ENRICHMENT/20251125/09/24f7ccdc-c057-327f-b7b9-7dc05dedc1cf/1_org_zoom.jpg"
      ],
      "embeddedTextCaption": [
        "Defacto Regular Fit Yumuşak Dokulu Bisiklet Yaka Basic Düz Triko Kazak I6913AZ24WN - 1",
        "Defacto Regular Fit Yumuşak Dokulu Bisiklet Yaka Basic Düz Triko Kazak I6913AZ24WN - 2",
        "Defacto Regular Fit Yumuşak Dokulu Bisiklet Yaka Basic Düz Triko Kazak I6913AZ24WN - 3",
        "Defacto Regular Fit Yumuşak Dokulu Bisiklet Yaka Basic Düz Triko Kazak I6913AZ24WN - 4"
      ]
    },
    "rank": 17,
    "price": 499.99,
    "material": "Akrilik\nKumaş Tipi\nTriko\nRenk\nKırmızı\nKol Tipi\nStandart Kol\nCep\nCepsiz\nÜRÜNÜN TÜM ÖZELLİKLERİ\nDeFacto\n9",
    "category_3": "Kadın Giyim"
  },
  {
    "product_url": "https://www.trendyol.com/yx-yustex-sport/sardonlu-kislik-kadin-2-adet-siyah-gri-esofman-alti-bol-paca-baggy-buyuk-beden-cepli-ayarlanabilir-p-1034462761",
    "product_name": "yx yustex sport Şardonlu Kışlık Kadın 2 Adet Siyah + Gri Eşofman Altı Bol Paça Baggy Büyük Beden Cepli Ayarlanabilir",
    "image_url": {
      "type": "ImageObject",
      "contentUrl": [
        "https://cdn.dsmcdn.com/ty1777/prod/QC_PREP/20251022/10/6c6b0774-8379-351f-8a59-0bead2575fcd/1_org_zoom.jpg",
        "https://cdn.dsmcdn.com/ty1778/prod/QC_PREP/20251022/10/9cea5ec8-8a5f-34ac-8356-0586139bc6df/1_org_zoom.jpg",
        "https://cdn.dsmcdn.com/ty1777/prod/QC_PREP/20251022/10/be8a59c0-8712-3fba-98fa-b5ef8cd7dd0e/1_org_zoom.jpg",
        "https://cdn.dsmcdn.com/ty1776/prod/QC_PREP/20251022/10/49aee322-8f99-3a96-9129-2c02e6181e16/1_org_zoom.jpg",
        "https://cdn.dsmcdn.com/ty1769/prod/QC_PREP/20251010/11/35c6dfc1-d31c-3ef8-ada7-5c3e2c3a6fae/1_org_zoom.jpg",
        "https://cdn.dsmcdn.com/ty1769/prod/QC_PREP/20251010/11/4e5c6b9b-570d-3e9b-8e6a-d1e80da9660d/1_org_zoom.jpg",
        "https://cdn.dsmcdn.com/ty1767/prod/QC_PREP/20251010/11/1804e545-13da-3e9e-b5a1-3870f40ba5a9/1_org_zoom.jpg"
      ],
      "embeddedTextCaption": [
        "yx yustex sport Şardonlu Kışlık Kadın 2 Adet Siyah + Gri Eşofman Altı Bol Paça Baggy Büyük Beden Cepli Ayarlanabilir - 1",
        "yx yustex sport Şardonlu Kışlık Kadın 2 Adet Siyah + Gri Eşofman Altı Bol Paça Baggy Büyük Beden Cepli Ayarlanabilir - 2",
        "yx yustex sport Şardonlu Kışlık Kadın 2 Adet Siyah + Gri Eşofman Altı Bol Paça Baggy Büyük Beden Cepli Ayarlanabilir - 3",
        "yx yustex sport Şardonlu Kışlık Kadın 2 Adet Siyah + Gri Eşofman Altı Bol Paça Baggy Büyük Beden Cepli Ayarlanabilir - 4",
        "yx yustex sport Şardonlu Kışlık Kadın 2 Adet Siyah + Gri Eşofman Altı Bol Paça Baggy Büyük Beden Cepli Ayarlanabilir - 5",
        "yx yustex sport Şardonlu Kışlık Kadın 2 Adet Siyah + Gri Eşofman Altı Bol Paça Baggy Büyük Beden Cepli Ayarlanabilir - 6",
        "yx yustex sport Şardonlu Kışlık Kadın 2 Adet Siyah + Gri Eşofman Altı Bol Paça Baggy Büyük Beden Cepli Ayarlanabilir - 7"
      ]
    },
    "rank": 18,
    "price": 396.98,
    "material": "Pamuk Polyester\nBel\nYüksek Bel\nCep\nCepli\nKumaş Özellik\nSoğuk Havaya Dayanıklı\nPaça Boyu\nUzun\nRenk\nSiyah\nÜRÜNÜN TÜM ÖZELLİKLERİ\nŞAH MODA\n9",
    "category_3": "Kadın Spor Outdoor"
  },
  {
    "product_url": "https://www.trendyol.com/defacto/gabardin-pantolon-wide-leg-yuksek-bel-genis-bol-paca-e1794ax24wn-p-876234626",
    "product_name": "Defacto Gabardin Pantolon Wide Leg Yüksek Bel Geniş Bol Paça E1794AX24WN",
    "image_url": {
      "type": "ImageObject",
      "contentUrl": [
        "https://cdn.dsmcdn.com/ty1757/prod/QC_ENRICHMENT/20250918/14/9a542f46-9060-3eba-b8df-44bb1463085a/1_org_zoom.jpg",
        "https://cdn.dsmcdn.com/ty1757/prod/QC_ENRICHMENT/20250918/14/5b6087f1-bdbc-3b7e-aa1f-f88794a03fad/1_org_zoom.jpg",
        "https://cdn.dsmcdn.com/ty1757/prod/QC_ENRICHMENT/20250918/14/90babdf6-989f-3b12-8220-b023995029b9/1_org_zoom.jpg",
        "https://cdn.dsmcdn.com/ty1757/prod/QC_ENRICHMENT/20250918/14/38771bde-07e7-3816-9e10-6a0098d91e6f/1_org_zoom.jpg",
        "https://cdn.dsmcdn.com/ty1757/prod/QC_ENRICHMENT/20250918/14/214d0979-4109-34a9-8453-70418b3f7c86/1_org_zoom.jpg",
        "https://cdn.dsmcdn.com/ty1757/prod/QC_ENRICHMENT/20250918/14/eff77f10-389e-31ae-b106-70586fefe470/1_org_zoom.jpg",
        "https://cdn.dsmcdn.com/ty1757/prod/QC_ENRICHMENT/20250918/14/6f6856d7-8f6a-3b6e-8e31-0ed695cfda27/1_org_zoom.jpg",
        "https://cdn.dsmcdn.com/ty1757/prod/QC_ENRICHMENT/20250918/14/e4fc5623-b60c-38c5-b30d-234456cb6680/1_org_zoom.jpg"
      ],
      "embeddedTextCaption": [
        "Defacto Gabardin Pantolon Wide Leg Yüksek Bel Geniş Bol Paça E1794AX24WN - 1",
        "Defacto Gabardin Pantolon Wide Leg Yüksek Bel Geniş Bol Paça E1794AX24WN - 2",
        "Defacto Gabardin Pantolon Wide Leg Yüksek Bel Geniş Bol Paça E1794AX24WN - 3",
        "Defacto Gabardin Pantolon Wide Leg Yüksek Bel Geniş Bol Paça E1794AX24WN - 4",
        "Defacto Gabardin Pantolon Wide Leg Yüksek Bel Geniş Bol Paça E1794AX24WN - 5",
        "Defacto Gabardin Pantolon Wide Leg Yüksek Bel Geniş Bol Paça E1794AX24WN - 6",
        "Defacto Gabardin Pantolon Wide Leg Yüksek Bel Geniş Bol Paça E1794AX24WN - 7",
        "Defacto Gabardin Pantolon Wide Leg Yüksek Bel Geniş Bol Paça E1794AX24WN - 8"
      ]
    },
    "rank": 19,
    "price": 469.99,
    "material": "Tipi\nDokuma\nPaça Tipi\nGeniş Paça\nBel\nYüksek Bel\nKalıp\nWide Leg\nMateryal\nPamuk\nDesen\nDüz\nRenk\nBej\nCep\nÇift cepli\nÜRÜNÜN TÜM ÖZELLİKLERİ\nÜRÜNÜN KAMPANYALARI\n\n2 Adet ve Üzeri %10 İndirim\n\n8 saat 48 dakika\n\n3 Adet ve Üzeri %15 İndirim\n\n8 saat 48 dakika\nDeFacto\n9",
    "category_3": "Kadın Giyim"
  },
  {
    "product_url": "https://www.trendyol.com/sayzen/kalin-sac-orgulu-alt-ust-triko-takim-p-978765534",
    "product_name": "SAYZEN kalın saç örgülü alt-üst triko takım",
    "image_url": {
      "type": "ImageObject",
      "contentUrl": [
        "https://cdn.dsmcdn.com/ty1783/prod/QC_ENRICHMENT/20251031/22/ae4748e7-5934-3f77-b083-65c92c2407dd/1_org_zoom.jpg",
        "https://cdn.dsmcdn.com/ty1784/prod/QC_ENRICHMENT/20251031/22/62ac7664-1fb2-3a5b-92bf-531b121373d7/1_org_zoom.jpg",
        "https://cdn.dsmcdn.com/ty1783/prod/QC_ENRICHMENT/20251031/22/840295c8-94e2-3077-ba7f-a23a1cf31a78/1_org_zoom.jpg",
        "https://cdn.dsmcdn.com/ty1782/prod/QC_ENRICHMENT/20251031/22/0c218265-eaa9-3113-b8f6-0490a4db876b/1_org_zoom.jpg"
      ],
      "embeddedTextCaption": [
        "SAYZEN kalın saç örgülü alt-üst triko takım - 1",
        "SAYZEN kalın saç örgülü alt-üst triko takım - 2",
        "SAYZEN kalın saç örgülü alt-üst triko takım - 3",
        "SAYZEN kalın saç örgülü alt-üst triko takım - 4"
      ]
    },
    "rank": 20,
    "price": 649.0,
    "material": "Tipi\nTriko\nMateryal\nAkrilik\nKalıp\nRegular\nDesen\nSaç Örgü\nYaka Tipi\nBisiklet Yaka\nRenk\nBordo\nÜrün Detayı\nÖrme Detaylı\nCep\nCepsiz\nÜRÜNÜN TÜM ÖZELLİKLERİ\nÜRÜNÜN KAMPANYALARI\n\n300 TL ve Üzeri Kargo Bedava",
    "category_3": "Kadın Giyim"
  },
  {
    "product_url": "https://www.trendyol.com/u-s-polo-assn/kadin-tas-spor-ayakkabi-50304474-vr049-p-904945893?merchantId=163",
    "product_name": "U.S. Polo Assn. Kadın Taş Spor Ayakkabı 50304474-VR049",
    "image_url": {
      "type": "ImageObject",
      "contentUrl": [
        "https://cdn.dsmcdn.com/ty1649/prod/QC/20250307/11/7b3aeaf9-b104-3ee6-9eec-2fd50f305bfc/1_org_zoom.jpg",
        "https://cdn.dsmcdn.com/ty1649/prod/QC/20250307/11/4323afc4-5fb5-3210-954e-6b5d5ab1604a/1_org_zoom.jpg",
        "https://cdn.dsmcdn.com/ty1648/prod/QC/20250307/11/c7a483b3-dda0-3646-bc0b-3d1805740c5f/1_org_zoom.jpg",
        "https://cdn.dsmcdn.com/ty1648/prod/QC/20250307/11/646b9f13-1a10-3e9f-a473-9a74ed79fc1a/1_org_zoom.jpg",
        "https://cdn.dsmcdn.com/ty1649/prod/QC/20250307/11/2195577f-20ab-3811-a67a-e8a19c49ce01/1_org_zoom.jpg",
        "https://cdn.dsmcdn.com/ty1649/prod/QC/20250307/11/df414100-0769-3457-a685-a67908601bb6/1_org_zoom.jpg"
      ],
      "embeddedTextCaption": [
        "U.S. Polo Assn. Kadın Taş Spor Ayakkabı 50304474-VR049 - 1",
        "U.S. Polo Assn. Kadın Taş Spor Ayakkabı 50304474-VR049 - 2",
        "U.S. Polo Assn. Kadın Taş Spor Ayakkabı 50304474-VR049 - 3",
        "U.S. Polo Assn. Kadın Taş Spor Ayakkabı 50304474-VR049 - 4",
        "U.S. Polo Assn. Kadın Taş Spor Ayakkabı 50304474-VR049 - 5",
        "U.S. Polo Assn. Kadın Taş Spor Ayakkabı 50304474-VR049 - 6"
      ]
    },
    "rank": 21,
    "price": 1799.98,
    "material": "Mikrofiber\nTaban Tipi\nDüz Taban\nDış Materyal\nTekstil\nRenk\nGri\nTopuk Boyu\nKısa Topuklu",
    "category_3": "Kadın Ayakkabı"
  },
  {
    "product_url": "https://www.trendyol.com/u-s-polo-assn/kadin-tas-spor-ayakkabi-50304812-vr049-p-904999563?merchantId=163",
    "product_name": "U.S. Polo Assn. Kadın Taş Spor Ayakkabı 50304812-VR049",
    "image_url": {
      "type": "ImageObject",
      "contentUrl": [
        "https://cdn.dsmcdn.com/ty1647/prod/QC/20250307/14/ec3cb420-9e08-3ba6-a141-fb88992036b4/1_org_zoom.jpg",
        "https://cdn.dsmcdn.com/ty1648/prod/QC/20250307/14/5aec6ea1-0832-3e96-b0db-e71eba76f2cd/1_org_zoom.jpg",
        "https://cdn.dsmcdn.com/ty1649/prod/QC/20250307/14/987160ff-eff7-3957-a6b9-c27b3b142054/1_org_zoom.jpg",
        "https://cdn.dsmcdn.com/ty1649/prod/QC/20250307/14/835253a1-5eb2-378d-8f38-728afe70fc6b/1_org_zoom.jpg",
        "https://cdn.dsmcdn.com/ty1648/prod/QC/20250307/14/5c24cf16-c121-3b92-86fc-6a3bd2c26e4c/1_org_zoom.jpg",
        "https://cdn.dsmcdn.com/ty1649/prod/QC/20250307/14/d318a35c-0eb9-334c-bd16-903fc0403e40/1_org_zoom.jpg"
      ],
      "embeddedTextCaption": [
        "U.S. Polo Assn. Kadın Taş Spor Ayakkabı 50304812-VR049 - 1",
        "U.S. Polo Assn. Kadın Taş Spor Ayakkabı 50304812-VR049 - 2",
        "U.S. Polo Assn. Kadın Taş Spor Ayakkabı 50304812-VR049 - 3",
        "U.S. Polo Assn. Kadın Taş Spor Ayakkabı 50304812-VR049 - 4",
        "U.S. Polo Assn. Kadın Taş Spor Ayakkabı 50304812-VR049 - 5",
        "U.S. Polo Assn. Kadın Taş Spor Ayakkabı 50304812-VR049 - 6"
      ]
    },
    "rank": 22,
    "price": 1479.98,
    "material": "Mikrofiber\nTaban Tipi\nDüz Taban\nDış Materyal\nTekstil\nRenk\nGri\nSaya Materyali\nTekstil\nTopuk Boyu\nKısa Topuklu",
    "category_3": "Kadın Ayakkabı"
  },
  {
    "product_url": "https://www.trendyol.com/u-s-polo-assn/kadin-lacivert-spor-ayakkabi-50297208-vr033-p-849763722?merchantId=163",
    "product_name": "U.S. Polo Assn. Kadın Lacivert Spor Ayakkabı 50297208-VR033",
    "image_url": {
      "type": "ImageObject",
      "contentUrl": [
        "https://cdn.dsmcdn.com/ty1574/prod/QC/20240928/06/f88ffb0a-0926-31bd-b165-e322d596542b/1_org_zoom.jpg",
        "https://cdn.dsmcdn.com/ty1572/prod/QC/20240928/06/877de7e6-3fc5-38fc-93ba-ab30b170c2ae/1_org_zoom.jpg",
        "https://cdn.dsmcdn.com/ty1574/prod/QC/20240928/06/22f6f65d-cd22-3cee-83f4-5becae9b11e8/1_org_zoom.jpg",
        "https://cdn.dsmcdn.com/ty1573/prod/QC/20240928/06/67bbe3c6-27ae-386a-8cf0-fd01fe4f3f0b/1_org_zoom.jpg",
        "https://cdn.dsmcdn.com/ty1573/prod/QC/20240928/06/6a3cc53d-ac35-3f2f-88c1-838cf6927af5/1_org_zoom.jpg",
        "https://cdn.dsmcdn.com/ty1574/prod/QC/20240928/06/bbcf7633-b208-3649-8a1c-f9c6d758ea23/1_org_zoom.jpg"
      ],
      "embeddedTextCaption": [
        "U.S. Polo Assn. Kadın Lacivert Spor Ayakkabı 50297208-VR033 - 1",
        "U.S. Polo Assn. Kadın Lacivert Spor Ayakkabı 50297208-VR033 - 2",
        "U.S. Polo Assn. Kadın Lacivert Spor Ayakkabı 50297208-VR033 - 3",
        "U.S. Polo Assn. Kadın Lacivert Spor Ayakkabı 50297208-VR033 - 4",
        "U.S. Polo Assn. Kadın Lacivert Spor Ayakkabı 50297208-VR033 - 5",
        "U.S. Polo Assn. Kadın Lacivert Spor Ayakkabı 50297208-VR033 - 6"
      ]
    },
    "rank": 23,
    "price": 1403.98,
    "material": "Mikrofiber\nTaban Tipi\nPoliüretan İç Taban\nRenk\nLacivert\nAstar Materyali\nTekstil\nTaban Materyali\nPoli\nTopuk Boyu\nKısa Topuklu",
    "category_3": "Kadın Ayakkabı"
  },
  {
    "product_url": "https://www.trendyol.com/u-s-polo-assn/kadin-su-yesili-spor-ayakkabi-50304494-vr048-p-904994900?merchantId=163",
    "product_name": "U.S. Polo Assn. Kadın Su Yeşili Spor Ayakkabı 50304494-VR048",
    "image_url": {
      "type": "ImageObject",
      "contentUrl": [
        "https://cdn.dsmcdn.com/ty1647/prod/QC/20250307/14/83ddc7f2-7ca5-365a-bca1-e4afd86337c1/1_org_zoom.jpg",
        "https://cdn.dsmcdn.com/ty1648/prod/QC/20250307/14/3416bf2f-2ed4-38f2-8ffe-34c6526d85f8/1_org_zoom.jpg",
        "https://cdn.dsmcdn.com/ty1647/prod/QC/20250307/14/ef388c30-38d2-36a7-bd88-c70269346fd5/1_org_zoom.jpg",
        "https://cdn.dsmcdn.com/ty1648/prod/QC/20250307/14/fa68926a-ac4c-3278-aa73-0f2cc36b84c7/1_org_zoom.jpg",
        "https://cdn.dsmcdn.com/ty1648/prod/QC/20250307/14/9366ffd3-9bcf-373a-90a4-f1f91e9378ce/1_org_zoom.jpg",
        "https://cdn.dsmcdn.com/ty1647/prod/QC/20250307/14/9e3cd389-4a2e-33ec-bd52-13739c132c7d/1_org_zoom.jpg"
      ],
      "embeddedTextCaption": [
        "U.S. Polo Assn. Kadın Su Yeşili Spor Ayakkabı 50304494-VR048 - 1",
        "U.S. Polo Assn. Kadın Su Yeşili Spor Ayakkabı 50304494-VR048 - 2",
        "U.S. Polo Assn. Kadın Su Yeşili Spor Ayakkabı 50304494-VR048 - 3",
        "U.S. Polo Assn. Kadın Su Yeşili Spor Ayakkabı 50304494-VR048 - 4",
        "U.S. Polo Assn. Kadın Su Yeşili Spor Ayakkabı 50304494-VR048 - 5",
        "U.S. Polo Assn. Kadın Su Yeşili Spor Ayakkabı 50304494-VR048 - 6"
      ]
    },
    "rank": 24,
    "price": 1119.98,
    "material": "Mikrofiber\nTaban Tipi\nDüz Taban\nDış Materyal\nTekstil\nRenk\nYeşil\nTopuk Boyu\nKısa Topuklu",
    "category_3": "Kadın Ayakkabı"
  },
  {
    "product_url": "https://www.trendyol.com/defacto/slim-fit-polo-yaka-fermuarli-triko-hirka-a3333ax23cw-p-765616122",
    "product_name": "Defacto Slim Fit Polo Yaka Fermuarlı Triko Hırka A3333AX23CW",
    "image_url": {
      "type": "ImageObject",
      "contentUrl": [
        "https://cdn.dsmcdn.com/ty1740/prod/QC_ENRICHMENT/20250902/15/3c25d4be-227a-34ec-a6b8-b97680aa57a6/1_org_zoom.jpg",
        "https://cdn.dsmcdn.com/ty1740/prod/QC_ENRICHMENT/20250902/15/0ab634f6-49dd-3b7a-9e51-58b7e643a264/1_org_zoom.jpg",
        "https://cdn.dsmcdn.com/ty1742/prod/QC_ENRICHMENT/20250902/15/d197339d-daf2-3323-bb27-472f2433dc24/1_org_zoom.jpg",
        "https://cdn.dsmcdn.com/ty1741/prod/QC_ENRICHMENT/20250902/15/00eb926e-d400-3cec-8cdc-9ed584070cff/1_org_zoom.jpg",
        "https://cdn.dsmcdn.com/ty1742/prod/QC_ENRICHMENT/20250902/15/e37e9dd4-d4e0-33ea-9e0e-b5ac605abd52/1_org_zoom.jpg"
      ],
      "embeddedTextCaption": [
        "Defacto Slim Fit Polo Yaka Fermuarlı Triko Hırka A3333AX23CW - 1",
        "Defacto Slim Fit Polo Yaka Fermuarlı Triko Hırka A3333AX23CW - 2",
        "Defacto Slim Fit Polo Yaka Fermuarlı Triko Hırka A3333AX23CW - 3",
        "Defacto Slim Fit Polo Yaka Fermuarlı Triko Hırka A3333AX23CW - 4",
        "Defacto Slim Fit Polo Yaka Fermuarlı Triko Hırka A3333AX23CW - 5"
      ]
    },
    "rank": 25,
    "price": 799.99,
    "material": "Akrilik\nKalıp\nSlim Fit\nYaka Tipi\nPolo Yaka\nKol Tipi\nStandart Kol\nDesen\nDüz\nKumaş Tipi\nTriko\nRenk\nEkru\nÜrün Detayı\nFermuar\nÜRÜNÜN TÜM ÖZELLİKLERİ\nÜRÜNÜN KAMPANYALARI\n\nSepette %20 İndirim\n\n8 saat 48 dakika\n\nSepette Uygulanacak\n\nDeFacto\n9",
    "category_3": "Kadın Giyim"
  },
  {
    "product_url": "https://www.trendyol.com/luminos-butik/kislik-sicak-yumusak-genis-puskullu-atki-kremsi-beyaz-siyah-gri-cizgili-atki-sal1270-p-353730430",
    "product_name": "Luminos Butik Kışlık Sıcak Yumuşak Geniş Püsküllü Atkı - Kremsi Beyaz Siyah Gri Çizgili Atkı Sal1270",
    "image_url": {
      "type": "ImageObject",
      "contentUrl": [
        "https://cdn.dsmcdn.com/ty1796/prod/QC_ENRICHMENT/20251128/11/08e81f7e-8a5a-3f41-9494-b0b10adc9a68/1_org_zoom.jpg",
        "https://cdn.dsmcdn.com/ty1796/prod/QC_ENRICHMENT/20251128/11/ba9854ee-6d0c-3f57-8dcb-89616b87dd0b/1_org_zoom.jpg",
        "https://cdn.dsmcdn.com/ty1794/prod/QC_ENRICHMENT/20251128/11/28880b8b-70b7-33ba-b92b-1e36ded4de5d/1_org_zoom.jpg",
        "https://cdn.dsmcdn.com/ty1795/prod/QC_ENRICHMENT/20251128/11/2ecf97e1-9aa1-3433-ad63-0199337ef3fd/1_org_zoom.jpg",
        "https://cdn.dsmcdn.com/ty1636/prod/QC/20250211/17/156a455b-1ac4-3814-86b6-c44dcfbe2db5/1_org_zoom.jpg"
      ],
      "embeddedTextCaption": [
        "Luminos Butik Kışlık Sıcak Yumuşak Geniş Püsküllü Atkı - Kremsi Beyaz Siyah Gri Çizgili Atkı Sal1270 - 1",
        "Luminos Butik Kışlık Sıcak Yumuşak Geniş Püsküllü Atkı - Kremsi Beyaz Siyah Gri Çizgili Atkı Sal1270 - 2",
        "Luminos Butik Kışlık Sıcak Yumuşak Geniş Püsküllü Atkı - Kremsi Beyaz Siyah Gri Çizgili Atkı Sal1270 - 3",
        "Luminos Butik Kışlık Sıcak Yumuşak Geniş Püsküllü Atkı - Kremsi Beyaz Siyah Gri Çizgili Atkı Sal1270 - 4",
        "Luminos Butik Kışlık Sıcak Yumuşak Geniş Püsküllü Atkı - Kremsi Beyaz Siyah Gri Çizgili Atkı Sal1270 - 5"
      ]
    },
    "rank": 26,
    "price": 399.99,
    "material": "Polyester\nRenk\nGri\nDesen\nRenk Bloklu\nMenşei\nCN\nÜRÜNÜN TÜM ÖZELLİKLERİ\nÜRÜNÜN KAMPANYALARI\n\n300 TL ve Üzeri Kargo Bedava",
    "category_3": "Kadın Giyim"
  },
  {
    "product_url": "https://www.trendyol.com/defacto/oversize-genis-kalip-bisiklet-yaka-basic-duz-kalin-gri-sweatshirt-d9022axns-p-863335513",
    "product_name": "Defacto Oversize Geniş Kalıp Bisiklet Yaka Basic Düz Kalın Gri Sweatshirt D9022AXNS",
    "image_url": {
      "type": "ImageObject",
      "contentUrl": [
        "https://cdn.dsmcdn.com/ty1718/prod/QC_ENRICHMENT/20250731/18/2b909541-d355-3637-a2e8-3cb2ae74707c/1_org_zoom.jpg",
        "https://cdn.dsmcdn.com/ty1717/prod/QC_ENRICHMENT/20250731/18/f0adccf6-3d70-3438-85ff-7a0f1e7fd3a8/1_org_zoom.jpg",
        "https://cdn.dsmcdn.com/ty1718/prod/QC_ENRICHMENT/20250731/18/d8cad67a-cd20-3901-af81-371ba875eb00/1_org_zoom.jpg",
        "https://cdn.dsmcdn.com/ty1716/prod/QC_ENRICHMENT/20250731/18/208b2e5a-acb4-3d57-bdbc-d1b1f3e26ce3/1_org_zoom.jpg",
        "https://cdn.dsmcdn.com/ty1717/prod/QC_ENRICHMENT/20250731/18/7a633da9-b7e5-3c50-9cfe-aef3cbe42f5e/1_org_zoom.jpg",
        "https://cdn.dsmcdn.com/ty1718/prod/QC_ENRICHMENT/20250731/18/5e70d30b-9e83-3c90-a20d-9b8e998907cb/1_org_zoom.jpg",
        "https://cdn.dsmcdn.com/ty1717/prod/QC_ENRICHMENT/20250731/18/42cad61a-7ac9-343d-b13b-d077710067e3/1_org_zoom.jpg",
        "https://cdn.dsmcdn.com/ty1718/prod/QC_ENRICHMENT/20250731/18/106e749f-68a4-3f1b-9007-d2d11e302e54/1_org_zoom.jpg"
      ],
      "embeddedTextCaption": [
        "Defacto Oversize Geniş Kalıp Bisiklet Yaka Basic Düz Kalın Gri Sweatshirt D9022AXNS - 1",
        "Defacto Oversize Geniş Kalıp Bisiklet Yaka Basic Düz Kalın Gri Sweatshirt D9022AXNS - 2",
        "Defacto Oversize Geniş Kalıp Bisiklet Yaka Basic Düz Kalın Gri Sweatshirt D9022AXNS - 3",
        "Defacto Oversize Geniş Kalıp Bisiklet Yaka Basic Düz Kalın Gri Sweatshirt D9022AXNS - 4",
        "Defacto Oversize Geniş Kalıp Bisiklet Yaka Basic Düz Kalın Gri Sweatshirt D9022AXNS - 5",
        "Defacto Oversize Geniş Kalıp Bisiklet Yaka Basic Düz Kalın Gri Sweatshirt D9022AXNS - 6",
        "Defacto Oversize Geniş Kalıp Bisiklet Yaka Basic Düz Kalın Gri Sweatshirt D9022AXNS - 7",
        "Defacto Oversize Geniş Kalıp Bisiklet Yaka Basic Düz Kalın Gri Sweatshirt D9022AXNS - 8"
      ]
    },
    "rank": 27,
    "price": 319.99,
    "material": "Pamuklu\nKoleksiyon\nBasic\nKutu Durumu\nKutu yok\nKol Tipi\nUzun Kol\nKalıp\nBelirtilmemiş\nRenk\nGri\nÜRÜNÜN TÜM ÖZELLİKLERİ\nÜRÜNÜN KAMPANYALARI\n\n2 Adet ve Üzeri %10 İndirim\n\n8 saat 48 dakika\n\n3 Adet ve Üzeri %15 İndirim\n\n8 saat 48 dakika\nDeFacto\n9",
    "category_3": "Kadın Giyim"
  },
  {
    "product_url": "https://www.trendyol.com/ronasia/kadin-baliksirti-desenli-yuksek-bel-duz-kesim-kislik-pantolon-p-1057268762",
    "product_name": "Ronasia Kadın Balıksırtı Desenli Yüksek Bel Düz Kesim Kışlık Pantolon",
    "image_url": {
      "type": "ImageObject",
      "contentUrl": [
        "https://cdn.dsmcdn.com/ty1791/prod/QC_PREP/20251127/17/7699e8d8-225f-3306-aeb2-480a148f8b0c/1_org_zoom.jpg",
        "https://cdn.dsmcdn.com/ty1792/prod/QC_PREP/20251127/17/5a6b4d19-9dea-3b05-9e96-e9c7215c9c21/1_org_zoom.jpg",
        "https://cdn.dsmcdn.com/ty1791/prod/QC_PREP/20251127/17/1b7aac07-a312-3f58-8c46-4da4d595ad82/1_org_zoom.jpg",
        "https://cdn.dsmcdn.com/ty1799/prod/QC_ENRICHMENT/20251212/18/fb23051a-8a95-3b6f-96a8-ede1fce772f4/1_org_zoom.jpg",
        "https://cdn.dsmcdn.com/ty1792/prod/QC_PREP/20251127/17/ba982ec1-0670-3506-b3a9-cab8341f8c7f/1_org_zoom.jpg",
        "https://cdn.dsmcdn.com/ty1792/prod/QC_PREP/20251127/17/04ca530f-7a9f-33ce-9ecc-fc7e6607032e/1_org_zoom.jpg",
        "https://cdn.dsmcdn.com/ty1792/prod/QC_PREP/20251127/17/2c13d42f-eb4d-3836-9b55-33abd47bf44a/1_org_zoom.jpg"
      ],
      "embeddedTextCaption": [
        "Ronasia Kadın Balıksırtı Desenli Yüksek Bel Düz Kesim Kışlık Pantolon - 1",
        "Ronasia Kadın Balıksırtı Desenli Yüksek Bel Düz Kesim Kışlık Pantolon - 2",
        "Ronasia Kadın Balıksırtı Desenli Yüksek Bel Düz Kesim Kışlık Pantolon - 3",
        "Ronasia Kadın Balıksırtı Desenli Yüksek Bel Düz Kesim Kışlık Pantolon - 4",
        "Ronasia Kadın Balıksırtı Desenli Yüksek Bel Düz Kesim Kışlık Pantolon - 5",
        "Ronasia Kadın Balıksırtı Desenli Yüksek Bel Düz Kesim Kışlık Pantolon - 6",
        "Ronasia Kadın Balıksırtı Desenli Yüksek Bel Düz Kesim Kışlık Pantolon - 7"
      ]
    },
    "rank": 28,
    "price": 600.14,
    "material": "Pamuk Polyester\nKumaş Tipi\nDokuma\nPaça Tipi\nGeniş Paça\nBel\nYüksek Bel\nKalıp\nRegular\nDesen\nDesenli\nRenk\nKahverengi\nCep\nÇift cepli\nÜRÜNÜN TÜM ÖZELLİKLERİ\nÜRÜNÜN KAMPANYALARI\n\nSepette %7 İndirim\n\nSepette Uygulanacak\n\n2 Adet ve Üzeri %5 İndirim\n\nRONASİA\n9",
    "category_3": "Kadın Giyim"
  },
  {
    "product_url": "https://www.trendyol.com/voyager/b020-ici-kurklu-bot-p-1078194345",
    "product_name": "Voyager B020 içi kürklü bot",
    "image_url": {
      "type": "ImageObject",
      "contentUrl": [
        "https://cdn.dsmcdn.com/ty1807/prod/QC_PREP/20251230/14/21fc8c41-2190-3899-92a8-eb177cc09c91/1_org_zoom.jpg",
        "https://cdn.dsmcdn.com/ty1808/prod/QC_PREP/20251230/14/acdee0a5-20b6-34d2-8737-9848057dd717/1_org_zoom.jpg",
        "https://cdn.dsmcdn.com/ty1806/prod/QC_PREP/20251230/14/a226b696-f7e6-3bdd-ba9a-acffe65c2b0a/1_org_zoom.jpg",
        "https://cdn.dsmcdn.com/ty1807/prod/QC_PREP/20251230/14/dae53664-6c5f-37a4-86f1-e1caa4437f33/1_org_zoom.jpg"
      ],
      "embeddedTextCaption": [
        "Voyager B020 içi kürklü bot - 1",
        "Voyager B020 içi kürklü bot - 2",
        "Voyager B020 içi kürklü bot - 3",
        "Voyager B020 içi kürklü bot - 4"
      ]
    },
    "rank": 29,
    "price": 3750.0,
    "material": "Kauçuk\nTopuk Boyu\nBelirtilmemiş\nRenk\nSiyah\nDış Materyal\nSuni Deri\nÜRÜNÜN TÜM ÖZELLİKLERİ\nÜRÜNÜN KAMPANYALARI\n\n300 TL ve Üzeri Kargo Bedava",
    "category_3": "Kadın Ayakkabı"
  },
  {
    "product_url": "https://www.trendyol.com/kontes/kadin-fularli-fermuarli-shopper-el-ve-omuz-cantasi-p-898198883",
    "product_name": "Kontes Kadın fularlı Fermuarlı Shopper El Ve Omuz Çantası",
    "image_url": {
      "type": "ImageObject",
      "contentUrl": [
        "https://cdn.dsmcdn.com/ty1762/prod/QC_ENRICHMENT/20250920/16/cf0051fe-2ca6-36d0-941d-725655bdf284/1_org_zoom.jpg",
        "https://cdn.dsmcdn.com/ty1762/prod/QC_ENRICHMENT/20250920/16/9fc77d5d-815c-3732-ac33-b2ac263d9edc/1_org_zoom.jpg",
        "https://cdn.dsmcdn.com/ty1763/prod/QC_ENRICHMENT/20250920/16/b75f2dac-9083-3cc9-8cba-2fef62c8e6d3/1_org_zoom.jpg",
        "https://cdn.dsmcdn.com/ty1800/prod/QC_ENRICHMENT/20251217/18/a1dd0c44-3e5e-3951-9738-96e1f22aef5b/1_org_zoom.jpg",
        "https://cdn.dsmcdn.com/ty1802/prod/QC_ENRICHMENT/20251217/18/97aae369-6a76-3196-967c-22eda1730d38/1_org_zoom.jpg",
        "https://cdn.dsmcdn.com/ty1801/prod/QC_ENRICHMENT/20251217/18/d79cb672-2378-3cad-82c1-cafa4f4ea906/1_org_zoom.jpg"
      ],
      "embeddedTextCaption": [
        "Kontes Kadın fularlı Fermuarlı Shopper El Ve Omuz Çantası - 1",
        "Kontes Kadın fularlı Fermuarlı Shopper El Ve Omuz Çantası - 2",
        "Kontes Kadın fularlı Fermuarlı Shopper El Ve Omuz Çantası - 3",
        "Kontes Kadın fularlı Fermuarlı Shopper El Ve Omuz Çantası - 4",
        "Kontes Kadın fularlı Fermuarlı Shopper El Ve Omuz Çantası - 5",
        "Kontes Kadın fularlı Fermuarlı Shopper El Ve Omuz Çantası - 6"
      ]
    },
    "rank": 30,
    "price": 159.0,
    "material": "Suni Deri\nDeri Kalitesi\nParça Mevcut Değil\nRenk\nSiyah\nOrtam\nCasual",
    "category_3": "Kadın Aksesuar"
  },
  {
    "product_url": "https://www.trendyol.com/nika-fashion/meloni-aksesuarli-sandy-elbise-p-1057188025",
    "product_name": "Nika Fashion MELONİ Aksesuarlı Sandy Elbise",
    "image_url": {
      "type": "ImageObject",
      "contentUrl": [
        "https://cdn.dsmcdn.com/ty1793/prod/QC_PREP/20251127/14/98b430ec-021b-3382-a15a-e57668677a06/1_org_zoom.jpg",
        "https://cdn.dsmcdn.com/ty1793/prod/QC_PREP/20251127/14/f170a2f5-04f6-3c1e-9177-e109ccfa81d3/1_org_zoom.jpg",
        "https://cdn.dsmcdn.com/ty1793/prod/QC_PREP/20251127/14/d35d202a-0d0e-3e64-8039-069080b6d4e7/1_org_zoom.jpg"
      ],
      "embeddedTextCaption": [
        "Nika Fashion MELONİ Aksesuarlı Sandy Elbise - 1",
        "Nika Fashion MELONİ Aksesuarlı Sandy Elbise - 2",
        "Nika Fashion MELONİ Aksesuarlı Sandy Elbise - 3"
      ]
    },
    "rank": 31,
    "price": 398.99,
    "material": "Tipi\nÖrme\nMateryal\nÖrme\nKalıp\nSlim\nKol Boyu\nUzun\nKoleksiyon\nBasic\nPersona\nSexy\nKol Tipi\nUzun Kol\nDesen\nDüz\nÜRÜNÜN TÜM ÖZELLİKLERİ\nÜRÜNÜN KAMPANYALARI\n\nTrendyol Plus",
    "category_3": "Kadın Giyim"
  },
  {
    "product_url": "https://www.trendyol.com/etos/kadin-gomlek-saten-kumas-trend-model-nakisli-gizli-dugme-p-1059088919",
    "product_name": "Etos Kadın Gömlek SateN Kumaş Trend ModeL Nakışlı GizLi Dügme",
    "image_url": {
      "type": "ImageObject",
      "contentUrl": [
        "https://cdn.dsmcdn.com/ty1797/prod/QC_ENRICHMENT/20251208/18/df37804e-e30c-392c-99e6-d1ab12938109/1_org_zoom.jpg",
        "https://cdn.dsmcdn.com/ty1797/prod/QC_ENRICHMENT/20251208/20/f134ac68-810f-3181-9139-10fed64c68b9/1_org_zoom.jpg",
        "https://cdn.dsmcdn.com/ty1794/prod/QC_ENRICHMENT/20251206/19/9b4c94c2-5b9a-38c1-9a63-85264dafcfa7/1_org_zoom.jpg",
        "https://cdn.dsmcdn.com/ty1796/prod/QC_ENRICHMENT/20251206/19/339b7d52-d4a4-34fa-873c-de8218d9362c/1_org_zoom.jpg",
        "https://cdn.dsmcdn.com/ty1798/prod/QC_ENRICHMENT/20251208/11/81d719b8-eeab-3880-a6a5-1f5ed1f33d98/1_org_zoom.jpg",
        "https://cdn.dsmcdn.com/ty1804/prod/QC_ENRICHMENT/20251223/12/e222d5a3-a173-39af-a309-844e701dc7a3/1_org_zoom.jpg"
      ],
      "embeddedTextCaption": [
        "Etos Kadın Gömlek SateN Kumaş Trend ModeL Nakışlı GizLi Dügme - 1",
        "Etos Kadın Gömlek SateN Kumaş Trend ModeL Nakışlı GizLi Dügme - 2",
        "Etos Kadın Gömlek SateN Kumaş Trend ModeL Nakışlı GizLi Dügme - 3",
        "Etos Kadın Gömlek SateN Kumaş Trend ModeL Nakışlı GizLi Dügme - 4",
        "Etos Kadın Gömlek SateN Kumaş Trend ModeL Nakışlı GizLi Dügme - 5",
        "Etos Kadın Gömlek SateN Kumaş Trend ModeL Nakışlı GizLi Dügme - 6"
      ]
    },
    "rank": 32,
    "price": 566.3,
    "material": "Trend ModeL Nakışlı GizLi Dügme\n\n699 kişinin sepetinde, tükenmeden al",
    "category_3": "Kadın Giyim"
  }
]