[
  {
    "product_url": "https://www.trendyol.com/womania-x-b161561",
    "product_name": "Womania",
    "image_url": null,
    "rank": 1,
    "price": 3251.25,
    "material": "Tipi",
    "category_3": null,
    "ocr_hit": {
      "page_x": 38,
      "page_y": 16,
      "w": 88,
      "h": 20,
      "text": "trendyol"
    }
  },
  {
    "product_url": "https://www.trendyol.com/dyson-v12-y-s41967",
    "product_name": "Dyson V12",
    "image_url": null,
    "rank": 2,
    "price": 30999.0,
    "material": "leri ve mesajları etkileyebilir",
    "category_3": null,
    "ocr_hit": {
      "page_x": 40,
      "page_y": 79,
      "w": 51,
      "h": 13,
      "text": "Trendyol"
    }
  },
  {
    "product_url": "https://play.google.com/store/apps/details?id=trendyol.com",
    "product_name": "Trendyol - Online Alışveriş",
    "image_url": "https://play-lh.googleusercontent.com/LosPYfjaz1pOL-I3XCTroj4vQVxfsF5629nzPJM4pIj2KLaQuLbwmXUqV-I1RT5u9A",
    "rank": 3,
    "price": 22.0,
    "material": "lerine tüm ihtiyaçlarını oturduğun yerden tamamla",
    "category_3": null,
    "ocr_hit": {
      "page_x": 161,
      "page_y": 779,
      "w": 71,
      "h": 16,
      "text": "DENEYiM"
    }
  }
]