[
  {
    "href": "https://www.trendyol.com/olalook/kadin-siyah-derin-v-yaka-dantel-detayli-esnek-pamuk-bluz-blz-19002954-p-930642611?merchantId=1108840",
    "hit": false,
    "ocr_texts": [
      "",
      "",
      "",
      "",
      ""
    ]
  },
  {
    "href": "https://www.trendyol.com/olalook/kadin-zumrut-yesili-polo-yaka-selanik-bluz-blz-19002810-p-894788272?merchantId=1108840",
    "hit": false,
    "ocr_texts": [
      "Kadin is Goriism",
      "din is Goriism",
      "",
      "Kadin i:\nKadin K",
      "Kadin is Goriism\nKadin Kolej Ceke\nKadin Kislik Ayal\nBaskili Kayra Ka\nDacilar Madmoe:"
    ]
  },
  {
    "href": "https://www.trendyol.com/olalook/kadin-bordo-dantel-detayli-etegi-oval-esnek-bluz-blz-19002872-p-924548009?merchantId=1108840",
    "hit": false,
    "ocr_texts": [
      "esi Kombini",
      "",
      "esi Kombini",
      "dini",
      "esi Kombini\nati\n\n<kabi\n\ndin Sal\n\n+ Kadin Kaval"
    ]
  },
  {
    "href": "https://www.trendyol.com/olalook/kadin-bordo-cizgili-dokulu-triko-hirka-hrk-19000374-p-978741835?merchantId=1108840",
    "hit": false,
    "ocr_texts": [
      "",
      "",
      "",
      "",
      ""
    ]
  },
  {
    "href": "https://www.trendyol.com/pierre-cardin/vizon-regular-fit-suni-deri-mont-50297363-vr052-p-903779041?merchantId=150370",
    "hit": false,
    "ocr_texts": [
      "K",
      "K",
      "",
      "",
      "K\nK\nO\nK\np"
    ]
  },
  {
    "href": "https://www.trendyol.com/pierre-cardin/tas-cikarilabilir-kapusonlu-mont-50314169-vr049-p-986435675?merchantId=150370",
    "hit": false,
    "ocr_texts": [
      "adin Heykeli",
      "",
      "adin Heykeli",
      "ali\nGémlek",
      "adin Heykeli\n\nadin Kislik G6mlek\nykuwear\n\nis Giyim\n\n~| Dara Dantalan"
    ]
  },
  {
    "href": "https://www.trendyol.com/pierre-cardin/camel-cikarilabilir-kapusonlu-mont-50314169-vr015-p-986435677?merchantId=150370",
    "hit": false,
    "ocr_texts": [
      "Kadin is G",
      "Kadin is G",
      "",
      "",
      "Kadin is G\nKadin Kol\nKadin Kis!\nBaskili Ka\nDaailar lM"
    ]
  },
  {
    "href": "https://www.trendyol.com/pierre-cardin/siyah-cikarilabilir-kapusonlu-kapitone-uzun-mont-50314165-vr046-p-997269335?merchantId=150370",
    "hit": false,
    "ocr_texts": [
      "driismesi Kombini",
      "",
      "driismesi Kombi",
      "Kombini",
      "driismesi Kombini\nej Ceketi\n\n1k Ayakkabi\n\nyra Kadin Sal\nadmavt Kadin Kaval"
    ]
  }
]