{
  "hits": [
    {
      "page_x": 38,
      "page_y": 16,
      "w": 88,
      "h": 20,
      "text": "trendyol"
    },
    {
      "page_x": 40,
      "page_y": 79,
      "w": 51,
      "h": 13,
      "text": "Trendyol"
    },
    {
      "page_x": 275,
      "page_y": 151,
      "w": 48,
      "h": 22,
      "text": "Onerilen"
    },
    {
      "page_x": 161,
      "page_y": 779,
      "w": 71,
      "h": 16,
      "text": "DENEYiM"
    },
    {
      "page_x": 32,
      "page_y": 816,
      "w": 47,
      "h": 12,
      "text": "Trendyol"
    },
    {
      "page_x": 123,
      "page_y": 816,
      "w": 47,
      "h": 12,
      "text": "gvenilir"
    },
    {
      "page_x": 299,
      "page_y": 816,
      "w": 49,
      "h": 11,
      "text": "eneyimi"
    },
    {
      "page_x": 643,
      "page_y": 816,
      "w": 61,
      "h": 12,
      "text": "secenegine"
    },
    {
      "page_x": 420,
      "page_y": 835,
      "w": 42,
      "h": 12,
      "text": "deneyim"
    },
    {
      "page_x": 1105,
      "page_y": 1225,
      "w": 40,
      "h": 9,
      "text": "Desenli"
    },
    {
      "page_x": 46,
      "page_y": 1491,
      "w": 48,
      "h": 25,
      "text": "Trendyol"
    },
    {
      "page_x": 161,
      "page_y": 1579,
      "w": 71,
      "h": 16,
      "text": "DENEYiM"
    },
    {
      "page_x": 32,
      "page_y": 1616,
      "w": 47,
      "h": 12,
      "text": "Trendyol"
    },
    {
      "page_x": 123,
      "page_y": 1616,
      "w": 47,
      "h": 12,
      "text": "gvenilir"
    },
    {
      "page_x": 299,
      "page_y": 1616,
      "w": 49,
      "h": 12,
      "text": "eneyimi"
    },
    {
      "page_x": 643,
      "page_y": 1616,
      "w": 61,
      "h": 12,
      "text": "secenegine"
    },
    {
      "page_x": 419,
      "page_y": 1635,
      "w": 43,
      "h": 12,
      "text": "deneyim"
    },
    {
      "page_x": 564,
      "page_y": 1746,
      "w": 27,
      "h": 9,
      "text": "Genis"
    },
    {
      "page_x": 502,
      "page_y": 2173,
      "w": 44,
      "h": 9,
      "text": "SAYZEN"
    },
    {
      "page_x": 993,
      "page_y": 2191,
      "w": 63,
      "h": 12,
      "text": "Kahverengi"
    },
    {
      "page_x": 46,
      "page_y": 2288,
      "w": 52,
      "h": 28,
      "text": "Trendyol"
    },
    {
      "page_x": 161,
      "page_y": 2379,
      "w": 71,
      "h": 16,
      "text": "DENEYIM"
    },
    {
      "page_x": 32,
      "page_y": 2416,
      "w": 47,
      "h": 12,
      "text": "Trendyel"
    },
    {
      "page_x": 123,
      "page_y": 2416,
      "w": 47,
      "h": 12,
      "text": "given"
    },
    {
      "page_x": 299,
      "page_y": 2416,
      "w": 96,
      "h": 11,
      "text": "deneyimisunmak"
    },
    {
      "page_x": 420,
      "page_y": 2435,
      "w": 42,
      "h": 12,
      "text": "deneyim"
    },
    {
      "page_x": 326,
      "page_y": 2896,
      "w": 69,
      "h": 9,
      "text": "ENOEN02933"
    },
    {
      "page_x": 564,
      "page_y": 2918,
      "w": 27,
      "h": 9,
      "text": "Genis"
    },
    {
      "page_x": 110,
      "page_y": 2968,
      "w": 32,
      "h": 5,
      "text": "rennin"
    },
    {
      "page_x": 46,
      "page_y": 3090,
      "w": 48,
      "h": 26,
      "text": "Trendyol"
    },
    {
      "page_x": 161,
      "page_y": 3179,
      "w": 71,
      "h": 16,
      "text": "DENEYIM"
    },
    {
      "page_x": 32,
      "page_y": 3216,
      "w": 47,
      "h": 12,
      "text": "Trendyol"
    },
    {
      "page_x": 124,
      "page_y": 3216,
      "w": 46,
      "h": 12,
      "text": "gavenlir"
    },
    {
      "page_x": 252,
      "page_y": 3216,
      "w": 194,
      "h": 12,
      "text": "alisverisdeneyim"
    },
    {
      "page_x": 645,
      "page_y": 3216,
      "w": 59,
      "h": 12,
      "text": "secenedine"
    },
    {
      "page_x": 420,
      "page_y": 3235,
      "w": 42,
      "h": 12,
      "text": "deneyim"
    },
    {
      "page_x": 46,
      "page_y": 3296,
      "w": 51,
      "h": 30,
      "text": "Trendyol"
    },
    {
      "page_x": 272,
      "page_y": 3376,
      "w": 67,
      "h": 10,
      "text": "Kleurendok"
    },
    {
      "page_x": 557,
      "page_y": 3368,
      "w": 32,
      "h": 29,
      "text": "Genis"
    },
    {
      "page_x": 806,
      "page_y": 3437,
      "w": 11,
      "h": 8,
      "text": "En"
    },
    {
      "page_x": 62,
      "page_y": 3702,
      "w": 31,
      "h": 12,
      "text": "GENC"
    },
    {
      "page_x": 42,
      "page_y": 3752,
      "w": 23,
      "h": 16,
      "text": "En"
    },
    {
      "page_x": 263,
      "page_y": 3751,
      "w": 128,
      "h": 22,
      "text": "Trendyol’da!"
    },
    {
      "page_x": 391,
      "page_y": 3781,
      "w": 38,
      "h": 13,
      "text": "genis"
    },
    {
      "page_x": 436,
      "page_y": 3777,
      "w": 50,
      "h": 16,
      "text": "beden,"
    },
    {
      "page_x": 493,
      "page_y": 3777,
      "w": 33,
      "h": 13,
      "text": "renk"
    },
    {
      "page_x": 578,
      "page_y": 3777,
      "w": 43,
      "h": 13,
      "text": "desen"
    },
    {
      "page_x": 160,
      "page_y": 3801,
      "w": 80,
      "h": 17,
      "text": "secenekler"
    },
    {
      "page_x": 41,
      "page_y": 3849,
      "w": 60,
      "h": 17,
      "text": "secenek"
    },
    {
      "page_x": 106,
      "page_y": 3849,
      "w": 68,
      "h": 13,
      "text": "sunarken"
    },
    {
      "page_x": 820,
      "page_y": 3873,
      "w": 65,
      "h": 17,
      "text": "Trendyol"
    },
    {
      "page_x": 891,
      "page_y": 3873,
      "w": 73,
      "h": 13,
      "text": "iizerinden"
    },
    {
      "page_x": 161,
      "page_y": 3979,
      "w": 71,
      "h": 16,
      "text": "DENEYIM"
    },
    {
      "page_x": 32,
      "page_y": 4016,
      "w": 47,
      "h": 12,
      "text": "‘Trendyol"
    },
    {
      "page_x": 125,
      "page_y": 4005,
      "w": 45,
      "h": 30,
      "text": "gUvenilir"
    },
    {
      "page_x": 303,
      "page_y": 4016,
      "w": 45,
      "h": 11,
      "text": "deneyimi"
    },
    {
      "page_x": 645,
      "page_y": 4016,
      "w": 59,
      "h": 12,
      "text": "secenedine"
    },
    {
      "page_x": 420,
      "page_y": 4035,
      "w": 41,
      "h": 12,
      "text": "deneyim"
    },
    {
      "page_x": 1051,
      "page_y": 3965,
      "w": 83,
      "h": 17,
      "text": "secenekleri"
    },
    {
      "page_x": 159,
      "page_y": 3989,
      "w": 121,
      "h": 13,
      "text": "kombinlenebilir."
    },
    {
      "page_x": 473,
      "page_y": 3989,
      "w": 68,
      "h": 13,
      "text": "sunarken"
    },
    {
      "page_x": 681,
      "page_y": 4037,
      "w": 59,
      "h": 13,
      "text": "kendine"
    },
    {
      "page_x": 745,
      "page_y": 4041,
      "w": 63,
      "h": 13,
      "text": "giivenini"
    },
    {
      "page_x": 1050,
      "page_y": 4037,
      "w": 53,
      "h": 13,
      "text": "izlenim"
    },
    {
      "page_x": 348,
      "page_y": 4061,
      "w": 79,
      "h": 17,
      "text": "Trendyol’u"
    },
    {
      "page_x": 433,
      "page_y": 4061,
      "w": 162,
      "h": 17,
      "text": "degerlendirebilirsiniz."
    },
    {
      "page_x": 106,
      "page_y": 4105,
      "w": 57,
      "h": 20,
      "text": "Ceken"
    },
    {
      "page_x": 244,
      "page_y": 4201,
      "w": 58,
      "h": 13,
      "text": "isitirken"
    },
    {
      "page_x": 950,
      "page_y": 4203,
      "w": 51,
      "h": 15,
      "text": "getiren"
    },
    {
      "page_x": 876,
      "page_y": 4225,
      "w": 77,
      "h": 17,
      "text": "Trendyol’a"
    },
    {
      "page_x": 461,
      "page_y": 4293,
      "w": 36,
      "h": 16,
      "text": "renk,"
    },
    {
      "page_x": 504,
      "page_y": 4293,
      "w": 44,
      "h": 13,
      "text": "desen"
    },
    {
      "page_x": 579,
      "page_y": 4293,
      "w": 45,
      "h": 13,
      "text": "beden"
    },
    {
      "page_x": 835,
      "page_y": 4317,
      "w": 56,
      "h": 13,
      "text": "iretilen"
    },
    {
      "page_x": 796,
      "page_y": 4367,
      "w": 51,
      "h": 15,
      "text": "getiren"
    },
    {
      "page_x": 989,
      "page_y": 4367,
      "w": 39,
      "h": 11,
      "text": "saten"
    },
    {
      "page_x": 437,
      "page_y": 4389,
      "w": 68,
      "h": 13,
      "text": "sunarken"
    },
    {
      "page_x": 41,
      "page_y": 4437,
      "w": 152,
      "h": 17,
      "text": "degerlendirmelerine"
    },
    {
      "page_x": 198,
      "page_y": 4437,
      "w": 65,
      "h": 17,
      "text": "Trendyol"
    },
    {
      "page_x": 269,
      "page_y": 4437,
      "w": 73,
      "h": 13,
      "text": "iizerinden"
    },
    {
      "page_x": 90,
      "page_y": 4505,
      "w": 37,
      "h": 16,
      "text": "renk,"
    },
    {
      "page_x": 135,
      "page_y": 4505,
      "w": 44,
      "h": 13,
      "text": "desen"
    },
    {
      "page_x": 213,
      "page_y": 4505,
      "w": 45,
      "h": 13,
      "text": "beden"
    },
    {
      "page_x": 212,
      "page_y": 4597,
      "w": 124,
      "h": 15,
      "text": "Kombinlenir?"
    },
    {
      "page_x": 161,
      "page_y": 4743,
      "w": 71,
      "h": 16,
      "text": "DENEYIM"
    },
    {
      "page_x": 419,
      "page_y": 4799,
      "w": 43,
      "h": 12,
      "text": "deneyim"
    },
    {
      "page_x": 880,
      "page_y": 4887,
      "w": 62,
      "h": 14,
      "text": "Boyfriend"
    },
    {
      "page_x": 450,
      "page_y": 4960,
      "w": 36,
      "h": 13,
      "text": "GENC"
    },
    {
      "page_x": 881,
      "page_y": 5007,
      "w": 44,
      "h": 14,
      "text": "Trendy"
    },
    {
      "page_x": 23,
      "page_y": 5022,
      "w": 83,
      "h": 30,
      "text": "Trendseninle"
    },
    {
      "page_x": 450,
      "page_y": 5032,
      "w": 44,
      "h": 10,
      "text": "GENTE"
    },
    {
      "page_x": 21,
      "page_y": 5055,
      "w": 115,
      "h": 14,
      "text": "Citycenterfashion"
    },
    {
      "page_x": 452,
      "page_y": 5056,
      "w": 51,
      "h": 10,
      "text": "TRENDY"
    },
    {
      "page_x": 21,
      "page_y": 5286,
      "w": 68,
      "h": 30,
      "text": "Boutiquen"
    },
    {
      "page_x": 23,
      "page_y": 5367,
      "w": 55,
      "h": 14,
      "text": "Trendyol"
    },
    {
      "page_x": 452,
      "page_y": 5367,
      "w": 55,
      "h": 14,
      "text": "Trendyol"
    },
    {
      "page_x": 881,
      "page_y": 5367,
      "w": 56,
      "h": 14,
      "text": "Trendyol"
    },
    {
      "page_x": 23,
      "page_y": 5391,
      "w": 55,
      "h": 14,
      "text": "Trendyol"
    },
    {
      "page_x": 452,
      "page_y": 5391,
      "w": 55,
      "h": 14,
      "text": "Trendyol"
    },
    {
      "page_x": 881,
      "page_y": 5391,
      "w": 56,
      "h": 14,
      "text": "Trendyol"
    },
    {
      "page_x": 24,
      "page_y": 5544,
      "w": 53,
      "h": 10,
      "text": "Trendyol"
    },
    {
      "page_x": 161,
      "page_y": 5579,
      "w": 71,
      "h": 16,
      "text": "DENEYIM"
    },
    {
      "page_x": 32,
      "page_y": 5616,
      "w": 47,
      "h": 12,
      "text": "‘Trendyol"
    },
    {
      "page_x": 125,
      "page_y": 5605,
      "w": 45,
      "h": 30,
      "text": "gUvenilir"
    },
    {
      "page_x": 303,
      "page_y": 5616,
      "w": 45,
      "h": 11,
      "text": "deneyimi"
    },
    {
      "page_x": 645,
      "page_y": 5616,
      "w": 59,
      "h": 12,
      "text": "secenedine"
    },
    {
      "page_x": 420,
      "page_y": 5635,
      "w": 41,
      "h": 12,
      "text": "deneyim"
    },
    {
      "page_x": 23,
      "page_y": 5367,
      "w": 55,
      "h": 14,
      "text": "Trendyol"
    },
    {
      "page_x": 452,
      "page_y": 5367,
      "w": 55,
      "h": 14,
      "text": "Trendyol"
    },
    {
      "page_x": 882,
      "page_y": 5367,
      "w": 55,
      "h": 14,
      "text": "Trendyol"
    },
    {
      "page_x": 23,
      "page_y": 5382,
      "w": 55,
      "h": 27,
      "text": "Trendyol"
    },
    {
      "page_x": 452,
      "page_y": 5382,
      "w": 55,
      "h": 27,
      "text": "Trendyol"
    },
    {
      "page_x": 882,
      "page_y": 5382,
      "w": 51,
      "h": 27,
      "text": "Trendyol"
    },
    {
      "page_x": 24,
      "page_y": 5544,
      "w": 53,
      "h": 13,
      "text": "Trendyol"
    },
    {
      "page_x": 25,
      "page_y": 5824,
      "w": 44,
      "h": 10,
      "text": "Giivenli"
    },
    {
      "page_x": 25,
      "page_y": 5908,
      "w": 52,
      "h": 10,
      "text": "Giivenlik"
    },
    {
      "page_x": 161,
      "page_y": 6105,
      "w": 71,
      "h": 16,
      "text": "DENEYIM"
    },
    {
      "page_x": 32,
      "page_y": 6142,
      "w": 47,
      "h": 12,
      "text": "Trendyol"
    },
    {
      "page_x": 123,
      "page_y": 6142,
      "w": 47,
      "h": 12,
      "text": "givenilir"
    },
    {
      "page_x": 299,
      "page_y": 6142,
      "w": 49,
      "h": 12,
      "text": "deneyimi"
    },
    {
      "page_x": 643,
      "page_y": 6142,
      "w": 61,
      "h": 12,
      "text": "secenedine"
    },
    {
      "page_x": 419,
      "page_y": 6161,
      "w": 43,
      "h": 12,
      "text": "deneyim"
    }
  ],
  "mapped": {
    "https://www.trendyol.com/womania-x-b161561": {
      "page_x": 38,
      "page_y": 16,
      "w": 88,
      "h": 20,
      "text": "trendyol"
    },
    "https://www.trendyol.com/dyson-v12-y-s41967": {
      "page_x": 40,
      "page_y": 79,
      "w": 51,
      "h": 13,
      "text": "Trendyol"
    },
    "https://play.google.com/store/apps/details?id=trendyol.com": {
      "page_x": 161,
      "page_y": 779,
      "w": 71,
      "h": 16,
      "text": "DENEYiM"
    }
  },
  "anchors_first200": []
}